date,department_id,department_name,occupied_beds,capacity_beds,utilization_rate
2024-01-01,1,Cardiology,2,12,0.1667
2024-01-02,1,Cardiology,4,12,0.3333
2024-01-03,1,Cardiology,7,12,0.5833
2024-01-04,1,Cardiology,9,12,0.75
2024-01-05,1,Cardiology,14,12,1.1667
2024-01-06,1,Cardiology,14,12,1.1667
2024-01-07,1,Cardiology,14,12,1.1667
2024-01-08,1,Cardiology,12,12,1.0
2024-01-09,1,Cardiology,10,12,0.8333
2024-01-10,1,Cardiology,10,12,0.8333
2024-01-11,1,Cardiology,7,12,0.5833
2024-01-12,1,Cardiology,9,12,0.75
2024-01-13,1,Cardiology,9,12,0.75
2024-01-14,1,Cardiology,11,12,0.9167
2024-01-15,1,Cardiology,12,12,1.0
2024-01-16,1,Cardiology,6,12,0.5
2024-01-17,1,Cardiology,4,12,0.3333
2024-01-18,1,Cardiology,4,12,0.3333
2024-01-19,1,Cardiology,3,12,0.25
2024-01-20,1,Cardiology,5,12,0.4167
2024-01-21,1,Cardiology,5,12,0.4167
2024-01-22,1,Cardiology,3,12,0.25
2024-01-23,1,Cardiology,8,12,0.6667
2024-01-24,1,Cardiology,6,12,0.5
2024-01-25,1,Cardiology,8,12,0.6667
2024-01-26,1,Cardiology,7,12,0.5833
2024-01-27,1,Cardiology,6,12,0.5
2024-01-28,1,Cardiology,7,12,0.5833
2024-01-29,1,Cardiology,10,12,0.8333
2024-01-30,1,Cardiology,13,12,1.0833
2024-01-31,1,Cardiology,15,12,1.25
2024-02-01,1,Cardiology,15,12,1.25
2024-02-02,1,Cardiology,11,12,0.9167
2024-02-03,1,Cardiology,9,12,0.75
2024-02-04,1,Cardiology,11,12,0.9167
2024-02-05,1,Cardiology,15,12,1.25
2024-02-06,1,Cardiology,13,12,1.0833
2024-02-07,1,Cardiology,9,12,0.75
2024-02-08,1,Cardiology,6,12,0.5
2024-02-09,1,Cardiology,4,12,0.3333
2024-02-10,1,Cardiology,3,12,0.25
2024-02-11,1,Cardiology,5,12,0.4167
2024-02-12,1,Cardiology,7,12,0.5833
2024-02-13,1,Cardiology,7,12,0.5833
2024-02-14,1,Cardiology,8,12,0.6667
2024-02-15,1,Cardiology,7,12,0.5833
2024-02-16,1,Cardiology,7,12,0.5833
2024-02-17,1,Cardiology,10,12,0.8333
2024-02-18,1,Cardiology,10,12,0.8333
2024-02-19,1,Cardiology,8,12,0.6667
2024-02-20,1,Cardiology,8,12,0.6667
2024-02-21,1,Cardiology,9,12,0.75
2024-02-22,1,Cardiology,10,12,0.8333
2024-02-23,1,Cardiology,7,12,0.5833
2024-02-24,1,Cardiology,7,12,0.5833
2024-02-25,1,Cardiology,9,12,0.75
2024-02-26,1,Cardiology,9,12,0.75
2024-02-27,1,Cardiology,10,12,0.8333
2024-02-28,1,Cardiology,14,12,1.1667
2024-02-29,1,Cardiology,14,12,1.1667
2024-03-01,1,Cardiology,13,12,1.0833
2024-03-02,1,Cardiology,12,12,1.0
2024-03-03,1,Cardiology,14,12,1.1667
2024-03-04,1,Cardiology,14,12,1.1667
2024-03-05,1,Cardiology,13,12,1.0833
2024-03-06,1,Cardiology,10,12,0.8333
2024-03-07,1,Cardiology,13,12,1.0833
2024-03-08,1,Cardiology,13,12,1.0833
2024-03-09,1,Cardiology,14,12,1.1667
2024-03-10,1,Cardiology,16,12,1.3333
2024-03-11,1,Cardiology,14,12,1.1667
2024-03-12,1,Cardiology,7,12,0.5833
2024-03-13,1,Cardiology,6,12,0.5
2024-03-14,1,Cardiology,5,12,0.4167
2024-03-15,1,Cardiology,7,12,0.5833
2024-03-16,1,Cardiology,7,12,0.5833
2024-03-17,1,Cardiology,9,12,0.75
2024-03-18,1,Cardiology,9,12,0.75
2024-03-19,1,Cardiology,9,12,0.75
2024-03-20,1,Cardiology,8,12,0.6667
2024-03-21,1,Cardiology,5,12,0.4167
2024-03-22,1,Cardiology,6,12,0.5
2024-03-23,1,Cardiology,7,12,0.5833
2024-03-24,1,Cardiology,6,12,0.5
2024-03-25,1,Cardiology,4,12,0.3333
2024-03-26,1,Cardiology,6,12,0.5
2024-03-27,1,Cardiology,5,12,0.4167
2024-03-28,1,Cardiology,5,12,0.4167
2024-03-29,1,Cardiology,5,12,0.4167
2024-03-30,1,Cardiology,3,12,0.25
2024-03-31,1,Cardiology,3,12,0.25
2024-04-01,1,Cardiology,2,12,0.1667
2024-04-02,1,Cardiology,3,12,0.25
2024-04-03,1,Cardiology,3,12,0.25
2024-04-04,1,Cardiology,2,12,0.1667
2024-04-05,1,Cardiology,5,12,0.4167
2024-04-06,1,Cardiology,5,12,0.4167
2024-04-07,1,Cardiology,3,12,0.25
2024-04-08,1,Cardiology,4,12,0.3333
2024-04-09,1,Cardiology,6,12,0.5
2024-04-10,1,Cardiology,9,12,0.75
2024-04-11,1,Cardiology,11,12,0.9167
2024-04-12,1,Cardiology,12,12,1.0
2024-04-13,1,Cardiology,11,12,0.9167
2024-04-14,1,Cardiology,8,12,0.6667
2024-04-15,1,Cardiology,4,12,0.3333
2024-04-16,1,Cardiology,4,12,0.3333
2024-04-17,1,Cardiology,6,12,0.5
2024-04-18,1,Cardiology,8,12,0.6667
2024-04-19,1,Cardiology,9,12,0.75
2024-04-20,1,Cardiology,7,12,0.5833
2024-04-21,1,Cardiology,8,12,0.6667
2024-04-22,1,Cardiology,7,12,0.5833
2024-04-23,1,Cardiology,9,12,0.75
2024-04-24,1,Cardiology,10,12,0.8333
2024-04-25,1,Cardiology,13,12,1.0833
2024-04-26,1,Cardiology,15,12,1.25
2024-04-27,1,Cardiology,14,12,1.1667
2024-04-28,1,Cardiology,11,12,0.9167
2024-04-29,1,Cardiology,13,12,1.0833
2024-04-30,1,Cardiology,9,12,0.75
2024-05-01,1,Cardiology,10,12,0.8333
2024-05-02,1,Cardiology,12,12,1.0
2024-05-03,1,Cardiology,11,12,0.9167
2024-05-04,1,Cardiology,13,12,1.0833
2024-05-05,1,Cardiology,16,12,1.3333
2024-05-06,1,Cardiology,16,12,1.3333
2024-05-07,1,Cardiology,12,12,1.0
2024-05-08,1,Cardiology,11,12,0.9167
2024-05-09,1,Cardiology,13,12,1.0833
2024-05-10,1,Cardiology,12,12,1.0
2024-05-11,1,Cardiology,11,12,0.9167
2024-05-12,1,Cardiology,12,12,1.0
2024-05-13,1,Cardiology,14,12,1.1667
2024-05-14,1,Cardiology,14,12,1.1667
2024-05-15,1,Cardiology,7,12,0.5833
2024-05-16,1,Cardiology,5,12,0.4167
2024-05-17,1,Cardiology,6,12,0.5
2024-05-18,1,Cardiology,6,12,0.5
2024-05-19,1,Cardiology,6,12,0.5
2024-05-20,1,Cardiology,8,12,0.6667
2024-05-21,1,Cardiology,10,12,0.8333
2024-05-22,1,Cardiology,8,12,0.6667
2024-05-23,1,Cardiology,9,12,0.75
2024-05-24,1,Cardiology,6,12,0.5
2024-05-25,1,Cardiology,6,12,0.5
2024-05-26,1,Cardiology,7,12,0.5833
2024-05-27,1,Cardiology,8,12,0.6667
2024-05-28,1,Cardiology,9,12,0.75
2024-05-29,1,Cardiology,9,12,0.75
2024-05-30,1,Cardiology,11,12,0.9167
2024-05-31,1,Cardiology,8,12,0.6667
2024-06-01,1,Cardiology,11,12,0.9167
2024-06-02,1,Cardiology,11,12,0.9167
2024-06-03,1,Cardiology,8,12,0.6667
2024-06-04,1,Cardiology,9,12,0.75
2024-06-05,1,Cardiology,8,12,0.6667
2024-06-06,1,Cardiology,13,12,1.0833
2024-06-07,1,Cardiology,14,12,1.1667
2024-06-08,1,Cardiology,15,12,1.25
2024-06-09,1,Cardiology,12,12,1.0
2024-06-10,1,Cardiology,9,12,0.75
2024-06-11,1,Cardiology,9,12,0.75
2024-06-12,1,Cardiology,9,12,0.75
2024-06-13,1,Cardiology,11,12,0.9167
2024-06-14,1,Cardiology,10,12,0.8333
2024-06-15,1,Cardiology,10,12,0.8333
2024-06-16,1,Cardiology,11,12,0.9167
2024-06-17,1,Cardiology,12,12,1.0
2024-06-18,1,Cardiology,10,12,0.8333
2024-06-19,1,Cardiology,6,12,0.5
2024-06-20,1,Cardiology,6,12,0.5
2024-06-21,1,Cardiology,7,12,0.5833
2024-06-22,1,Cardiology,10,12,0.8333
2024-06-23,1,Cardiology,10,12,0.8333
2024-06-24,1,Cardiology,8,12,0.6667
2024-06-25,1,Cardiology,7,12,0.5833
2024-06-26,1,Cardiology,7,12,0.5833
2024-06-27,1,Cardiology,11,12,0.9167
2024-06-28,1,Cardiology,10,12,0.8333
2024-06-29,1,Cardiology,11,12,0.9167
2024-06-30,1,Cardiology,9,12,0.75
2024-07-01,1,Cardiology,6,12,0.5
2024-07-02,1,Cardiology,5,12,0.4167
2024-07-03,1,Cardiology,3,12,0.25
2024-07-04,1,Cardiology,4,12,0.3333
2024-07-05,1,Cardiology,4,12,0.3333
2024-07-06,1,Cardiology,4,12,0.3333
2024-07-07,1,Cardiology,6,12,0.5
2024-07-08,1,Cardiology,7,12,0.5833
2024-07-09,1,Cardiology,12,12,1.0
2024-07-10,1,Cardiology,10,12,0.8333
2024-07-11,1,Cardiology,11,12,0.9167
2024-07-12,1,Cardiology,9,12,0.75
2024-07-13,1,Cardiology,8,12,0.6667
2024-07-14,1,Cardiology,8,12,0.6667
2024-07-15,1,Cardiology,9,12,0.75
2024-07-16,1,Cardiology,7,12,0.5833
2024-07-17,1,Cardiology,7,12,0.5833
2024-07-18,1,Cardiology,11,12,0.9167
2024-07-19,1,Cardiology,9,12,0.75
2024-07-20,1,Cardiology,9,12,0.75
2024-07-21,1,Cardiology,10,12,0.8333
2024-07-22,1,Cardiology,10,12,0.8333
2024-07-23,1,Cardiology,7,12,0.5833
2024-07-24,1,Cardiology,6,12,0.5
2024-07-25,1,Cardiology,7,12,0.5833
2024-07-26,1,Cardiology,9,12,0.75
2024-07-27,1,Cardiology,10,12,0.8333
2024-07-28,1,Cardiology,9,12,0.75
2024-07-29,1,Cardiology,9,12,0.75
2024-07-30,1,Cardiology,7,12,0.5833
2024-07-31,1,Cardiology,7,12,0.5833
2024-08-01,1,Cardiology,7,12,0.5833
2024-08-02,1,Cardiology,10,12,0.8333
2024-08-03,1,Cardiology,10,12,0.8333
2024-08-04,1,Cardiology,11,12,0.9167
2024-08-05,1,Cardiology,13,12,1.0833
2024-08-06,1,Cardiology,14,12,1.1667
2024-08-07,1,Cardiology,12,12,1.0
2024-08-08,1,Cardiology,9,12,0.75
2024-08-09,1,Cardiology,8,12,0.6667
2024-08-10,1,Cardiology,6,12,0.5
2024-08-11,1,Cardiology,5,12,0.4167
2024-08-12,1,Cardiology,6,12,0.5
2024-08-13,1,Cardiology,9,12,0.75
2024-08-14,1,Cardiology,11,12,0.9167
2024-08-15,1,Cardiology,8,12,0.6667
2024-08-16,1,Cardiology,10,12,0.8333
2024-08-17,1,Cardiology,8,12,0.6667
2024-08-18,1,Cardiology,8,12,0.6667
2024-08-19,1,Cardiology,6,12,0.5
2024-08-20,1,Cardiology,7,12,0.5833
2024-08-21,1,Cardiology,5,12,0.4167
2024-08-22,1,Cardiology,5,12,0.4167
2024-08-23,1,Cardiology,5,12,0.4167
2024-08-24,1,Cardiology,7,12,0.5833
2024-08-25,1,Cardiology,9,12,0.75
2024-08-26,1,Cardiology,10,12,0.8333
2024-08-27,1,Cardiology,12,12,1.0
2024-08-28,1,Cardiology,8,12,0.6667
2024-08-29,1,Cardiology,11,12,0.9167
2024-08-30,1,Cardiology,12,12,1.0
2024-08-31,1,Cardiology,14,12,1.1667
2024-09-01,1,Cardiology,11,12,0.9167
2024-09-02,1,Cardiology,14,12,1.1667
2024-09-03,1,Cardiology,15,12,1.25
2024-09-04,1,Cardiology,10,12,0.8333
2024-09-05,1,Cardiology,12,12,1.0
2024-09-06,1,Cardiology,10,12,0.8333
2024-09-07,1,Cardiology,11,12,0.9167
2024-09-08,1,Cardiology,17,12,1.4167
2024-09-09,1,Cardiology,15,12,1.25
2024-09-10,1,Cardiology,14,12,1.1667
2024-09-11,1,Cardiology,15,12,1.25
2024-09-12,1,Cardiology,18,12,1.5
2024-09-13,1,Cardiology,15,12,1.25
2024-09-14,1,Cardiology,15,12,1.25
2024-09-15,1,Cardiology,14,12,1.1667
2024-09-16,1,Cardiology,19,12,1.5833
2024-09-17,1,Cardiology,17,12,1.4167
2024-09-18,1,Cardiology,13,12,1.0833
2024-09-19,1,Cardiology,9,12,0.75
2024-09-20,1,Cardiology,7,12,0.5833
2024-09-21,1,Cardiology,7,12,0.5833
2024-09-22,1,Cardiology,8,12,0.6667
2024-09-23,1,Cardiology,10,12,0.8333
2024-09-24,1,Cardiology,9,12,0.75
2024-09-25,1,Cardiology,9,12,0.75
2024-09-26,1,Cardiology,9,12,0.75
2024-09-27,1,Cardiology,10,12,0.8333
2024-09-28,1,Cardiology,10,12,0.8333
2024-09-29,1,Cardiology,11,12,0.9167
2024-09-30,1,Cardiology,10,12,0.8333
2024-10-01,1,Cardiology,10,12,0.8333
2024-10-02,1,Cardiology,11,12,0.9167
2024-10-03,1,Cardiology,11,12,0.9167
2024-10-04,1,Cardiology,12,12,1.0
2024-10-05,1,Cardiology,12,12,1.0
2024-10-06,1,Cardiology,9,12,0.75
2024-10-07,1,Cardiology,5,12,0.4167
2024-10-08,1,Cardiology,6,12,0.5
2024-10-09,1,Cardiology,6,12,0.5
2024-10-10,1,Cardiology,7,12,0.5833
2024-10-11,1,Cardiology,6,12,0.5
2024-10-12,1,Cardiology,8,12,0.6667
2024-10-13,1,Cardiology,7,12,0.5833
2024-10-14,1,Cardiology,8,12,0.6667
2024-10-15,1,Cardiology,8,12,0.6667
2024-10-16,1,Cardiology,5,12,0.4167
2024-10-17,1,Cardiology,5,12,0.4167
2024-10-18,1,Cardiology,7,12,0.5833
2024-10-19,1,Cardiology,11,12,0.9167
2024-10-20,1,Cardiology,13,12,1.0833
2024-10-21,1,Cardiology,14,12,1.1667
2024-10-22,1,Cardiology,13,12,1.0833
2024-10-23,1,Cardiology,10,12,0.8333
2024-10-24,1,Cardiology,8,12,0.6667
2024-10-25,1,Cardiology,8,12,0.6667
2024-10-26,1,Cardiology,8,12,0.6667
2024-10-27,1,Cardiology,9,12,0.75
2024-10-28,1,Cardiology,6,12,0.5
2024-10-29,1,Cardiology,8,12,0.6667
2024-10-30,1,Cardiology,9,12,0.75
2024-10-31,1,Cardiology,12,12,1.0
2024-11-01,1,Cardiology,12,12,1.0
2024-11-02,1,Cardiology,13,12,1.0833
2024-11-03,1,Cardiology,13,12,1.0833
2024-11-04,1,Cardiology,14,12,1.1667
2024-11-05,1,Cardiology,12,12,1.0
2024-11-06,1,Cardiology,8,12,0.6667
2024-11-07,1,Cardiology,8,12,0.6667
2024-11-08,1,Cardiology,10,12,0.8333
2024-11-09,1,Cardiology,12,12,1.0
2024-11-10,1,Cardiology,11,12,0.9167
2024-11-11,1,Cardiology,13,12,1.0833
2024-11-12,1,Cardiology,10,12,0.8333
2024-11-13,1,Cardiology,8,12,0.6667
2024-11-14,1,Cardiology,12,12,1.0
2024-11-15,1,Cardiology,9,12,0.75
2024-11-16,1,Cardiology,13,12,1.0833
2024-11-17,1,Cardiology,17,12,1.4167
2024-11-18,1,Cardiology,13,12,1.0833
2024-11-19,1,Cardiology,12,12,1.0
2024-11-20,1,Cardiology,9,12,0.75
2024-11-21,1,Cardiology,9,12,0.75
2024-11-22,1,Cardiology,10,12,0.8333
2024-11-23,1,Cardiology,13,12,1.0833
2024-11-24,1,Cardiology,13,12,1.0833
2024-11-25,1,Cardiology,10,12,0.8333
2024-11-26,1,Cardiology,13,12,1.0833
2024-11-27,1,Cardiology,15,12,1.25
2024-11-28,1,Cardiology,15,12,1.25
2024-11-29,1,Cardiology,16,12,1.3333
2024-11-30,1,Cardiology,18,12,1.5
2024-12-01,1,Cardiology,12,12,1.0
2024-12-02,1,Cardiology,9,12,0.75
2024-12-03,1,Cardiology,10,12,0.8333
2024-12-04,1,Cardiology,11,12,0.9167
2024-12-05,1,Cardiology,11,12,0.9167
2024-12-06,1,Cardiology,9,12,0.75
2024-12-07,1,Cardiology,8,12,0.6667
2024-12-08,1,Cardiology,9,12,0.75
2024-12-09,1,Cardiology,9,12,0.75
2024-12-10,1,Cardiology,10,12,0.8333
2024-12-11,1,Cardiology,8,12,0.6667
2024-12-12,1,Cardiology,7,12,0.5833
2024-12-13,1,Cardiology,7,12,0.5833
2024-12-14,1,Cardiology,8,12,0.6667
2024-12-15,1,Cardiology,9,12,0.75
2024-12-16,1,Cardiology,11,12,0.9167
2024-12-17,1,Cardiology,11,12,0.9167
2024-12-18,1,Cardiology,10,12,0.8333
2024-12-19,1,Cardiology,9,12,0.75
2024-12-20,1,Cardiology,11,12,0.9167
2024-12-21,1,Cardiology,11,12,0.9167
2024-12-22,1,Cardiology,8,12,0.6667
2024-12-23,1,Cardiology,7,12,0.5833
2024-12-24,1,Cardiology,5,12,0.4167
2024-12-25,1,Cardiology,9,12,0.75
2024-12-26,1,Cardiology,10,12,0.8333
2024-12-27,1,Cardiology,9,12,0.75
2024-12-28,1,Cardiology,7,12,0.5833
2024-12-29,1,Cardiology,7,12,0.5833
2024-12-30,1,Cardiology,9,12,0.75
2024-12-31,1,Cardiology,6,12,0.5
2025-01-01,1,Cardiology,7,12,0.5833
2025-01-02,1,Cardiology,11,12,0.9167
2025-01-03,1,Cardiology,13,12,1.0833
2025-01-04,1,Cardiology,14,12,1.1667
2025-01-05,1,Cardiology,14,12,1.1667
2025-01-06,1,Cardiology,13,12,1.0833
2025-01-07,1,Cardiology,11,12,0.9167
2025-01-08,1,Cardiology,6,12,0.5
2025-01-09,1,Cardiology,7,12,0.5833
2025-01-10,1,Cardiology,6,12,0.5
2025-01-11,1,Cardiology,7,12,0.5833
2025-01-12,1,Cardiology,7,12,0.5833
2025-01-13,1,Cardiology,8,12,0.6667
2025-01-14,1,Cardiology,6,12,0.5
2025-01-15,1,Cardiology,9,12,0.75
2025-01-16,1,Cardiology,7,12,0.5833
2025-01-17,1,Cardiology,8,12,0.6667
2025-01-18,1,Cardiology,9,12,0.75
2025-01-19,1,Cardiology,14,12,1.1667
2025-01-20,1,Cardiology,14,12,1.1667
2025-01-21,1,Cardiology,14,12,1.1667
2025-01-22,1,Cardiology,15,12,1.25
2025-01-23,1,Cardiology,12,12,1.0
2025-01-24,1,Cardiology,12,12,1.0
2025-01-25,1,Cardiology,14,12,1.1667
2025-01-26,1,Cardiology,15,12,1.25
2025-01-27,1,Cardiology,14,12,1.1667
2025-01-28,1,Cardiology,14,12,1.1667
2025-01-29,1,Cardiology,10,12,0.8333
2025-01-30,1,Cardiology,11,12,0.9167
2025-01-31,1,Cardiology,9,12,0.75
2025-02-01,1,Cardiology,11,12,0.9167
2025-02-02,1,Cardiology,11,12,0.9167
2025-02-03,1,Cardiology,9,12,0.75
2025-02-04,1,Cardiology,7,12,0.5833
2025-02-05,1,Cardiology,7,12,0.5833
2025-02-06,1,Cardiology,11,12,0.9167
2025-02-07,1,Cardiology,10,12,0.8333
2025-02-08,1,Cardiology,10,12,0.8333
2025-02-09,1,Cardiology,8,12,0.6667
2025-02-10,1,Cardiology,9,12,0.75
2025-02-11,1,Cardiology,11,12,0.9167
2025-02-12,1,Cardiology,10,12,0.8333
2025-02-13,1,Cardiology,8,12,0.6667
2025-02-14,1,Cardiology,9,12,0.75
2025-02-15,1,Cardiology,12,12,1.0
2025-02-16,1,Cardiology,11,12,0.9167
2025-02-17,1,Cardiology,8,12,0.6667
2025-02-18,1,Cardiology,8,12,0.6667
2025-02-19,1,Cardiology,9,12,0.75
2025-02-20,1,Cardiology,9,12,0.75
2025-02-21,1,Cardiology,8,12,0.6667
2025-02-22,1,Cardiology,10,12,0.8333
2025-02-23,1,Cardiology,8,12,0.6667
2025-02-24,1,Cardiology,7,12,0.5833
2025-02-25,1,Cardiology,6,12,0.5
2025-02-26,1,Cardiology,6,12,0.5
2025-02-27,1,Cardiology,6,12,0.5
2025-02-28,1,Cardiology,9,12,0.75
2025-03-01,1,Cardiology,8,12,0.6667
2025-03-02,1,Cardiology,8,12,0.6667
2025-03-03,1,Cardiology,9,12,0.75
2025-03-04,1,Cardiology,9,12,0.75
2025-03-05,1,Cardiology,14,12,1.1667
2025-03-06,1,Cardiology,9,12,0.75
2025-03-07,1,Cardiology,8,12,0.6667
2025-03-08,1,Cardiology,8,12,0.6667
2025-03-09,1,Cardiology,7,12,0.5833
2025-03-10,1,Cardiology,7,12,0.5833
2025-03-11,1,Cardiology,8,12,0.6667
2025-03-12,1,Cardiology,10,12,0.8333
2025-03-13,1,Cardiology,10,12,0.8333
2025-03-14,1,Cardiology,11,12,0.9167
2025-03-15,1,Cardiology,12,12,1.0
2025-03-16,1,Cardiology,13,12,1.0833
2025-03-17,1,Cardiology,13,12,1.0833
2025-03-18,1,Cardiology,11,12,0.9167
2025-03-19,1,Cardiology,7,12,0.5833
2025-03-20,1,Cardiology,7,12,0.5833
2025-03-21,1,Cardiology,9,12,0.75
2025-03-22,1,Cardiology,11,12,0.9167
2025-03-23,1,Cardiology,12,12,1.0
2025-03-24,1,Cardiology,10,12,0.8333
2025-03-25,1,Cardiology,6,12,0.5
2025-03-26,1,Cardiology,9,12,0.75
2025-03-27,1,Cardiology,7,12,0.5833
2025-03-28,1,Cardiology,8,12,0.6667
2025-03-29,1,Cardiology,13,12,1.0833
2025-03-30,1,Cardiology,14,12,1.1667
2025-03-31,1,Cardiology,14,12,1.1667
2025-04-01,1,Cardiology,11,12,0.9167
2025-04-02,1,Cardiology,12,12,1.0
2025-04-03,1,Cardiology,10,12,0.8333
2025-04-04,1,Cardiology,11,12,0.9167
2025-04-05,1,Cardiology,11,12,0.9167
2025-04-06,1,Cardiology,9,12,0.75
2025-04-07,1,Cardiology,7,12,0.5833
2025-04-08,1,Cardiology,7,12,0.5833
2025-04-09,1,Cardiology,7,12,0.5833
2025-04-10,1,Cardiology,8,12,0.6667
2025-04-11,1,Cardiology,12,12,1.0
2025-04-12,1,Cardiology,10,12,0.8333
2025-04-13,1,Cardiology,12,12,1.0
2025-04-14,1,Cardiology,11,12,0.9167
2025-04-15,1,Cardiology,11,12,0.9167
2025-04-16,1,Cardiology,10,12,0.8333
2025-04-17,1,Cardiology,12,12,1.0
2025-04-18,1,Cardiology,10,12,0.8333
2025-04-19,1,Cardiology,8,12,0.6667
2025-04-20,1,Cardiology,11,12,0.9167
2025-04-21,1,Cardiology,10,12,0.8333
2025-04-22,1,Cardiology,11,12,0.9167
2025-04-23,1,Cardiology,10,12,0.8333
2025-04-24,1,Cardiology,11,12,0.9167
2025-04-25,1,Cardiology,12,12,1.0
2025-04-26,1,Cardiology,13,12,1.0833
2025-04-27,1,Cardiology,12,12,1.0
2025-04-28,1,Cardiology,15,12,1.25
2025-04-29,1,Cardiology,13,12,1.0833
2025-04-30,1,Cardiology,12,12,1.0
2025-05-01,1,Cardiology,14,12,1.1667
2025-05-02,1,Cardiology,15,12,1.25
2025-05-03,1,Cardiology,13,12,1.0833
2025-05-04,1,Cardiology,10,12,0.8333
2025-05-05,1,Cardiology,11,12,0.9167
2025-05-06,1,Cardiology,12,12,1.0
2025-05-07,1,Cardiology,9,12,0.75
2025-05-08,1,Cardiology,7,12,0.5833
2025-05-09,1,Cardiology,6,12,0.5
2025-05-10,1,Cardiology,7,12,0.5833
2025-05-11,1,Cardiology,9,12,0.75
2025-05-12,1,Cardiology,11,12,0.9167
2025-05-13,1,Cardiology,11,12,0.9167
2025-05-14,1,Cardiology,8,12,0.6667
2025-05-15,1,Cardiology,8,12,0.6667
2025-05-16,1,Cardiology,12,12,1.0
2025-05-17,1,Cardiology,8,12,0.6667
2025-05-18,1,Cardiology,8,12,0.6667
2025-05-19,1,Cardiology,6,12,0.5
2025-05-20,1,Cardiology,9,12,0.75
2025-05-21,1,Cardiology,10,12,0.8333
2025-05-22,1,Cardiology,8,12,0.6667
2025-05-23,1,Cardiology,8,12,0.6667
2025-05-24,1,Cardiology,11,12,0.9167
2025-05-25,1,Cardiology,9,12,0.75
2025-05-26,1,Cardiology,10,12,0.8333
2025-05-27,1,Cardiology,9,12,0.75
2025-05-28,1,Cardiology,11,12,0.9167
2025-05-29,1,Cardiology,10,12,0.8333
2025-05-30,1,Cardiology,9,12,0.75
2025-05-31,1,Cardiology,8,12,0.6667
2025-06-01,1,Cardiology,6,12,0.5
2025-06-02,1,Cardiology,7,12,0.5833
2025-06-03,1,Cardiology,8,12,0.6667
2025-06-04,1,Cardiology,10,12,0.8333
2025-06-05,1,Cardiology,11,12,0.9167
2025-06-06,1,Cardiology,12,12,1.0
2025-06-07,1,Cardiology,15,12,1.25
2025-06-08,1,Cardiology,11,12,0.9167
2025-06-09,1,Cardiology,8,12,0.6667
2025-06-10,1,Cardiology,8,12,0.6667
2025-06-11,1,Cardiology,9,12,0.75
2025-06-12,1,Cardiology,7,12,0.5833
2025-06-13,1,Cardiology,8,12,0.6667
2025-06-14,1,Cardiology,11,12,0.9167
2025-06-15,1,Cardiology,8,12,0.6667
2025-06-16,1,Cardiology,8,12,0.6667
2025-06-17,1,Cardiology,8,12,0.6667
2025-06-18,1,Cardiology,7,12,0.5833
2025-06-19,1,Cardiology,8,12,0.6667
2025-06-20,1,Cardiology,10,12,0.8333
2025-06-21,1,Cardiology,10,12,0.8333
2025-06-22,1,Cardiology,10,12,0.8333
2025-06-23,1,Cardiology,7,12,0.5833
2025-06-24,1,Cardiology,9,12,0.75
2025-06-25,1,Cardiology,7,12,0.5833
2025-06-26,1,Cardiology,11,12,0.9167
2025-06-27,1,Cardiology,10,12,0.8333
2025-06-28,1,Cardiology,11,12,0.9167
2025-06-29,1,Cardiology,15,12,1.25
2025-06-30,1,Cardiology,11,12,0.9167
2025-07-01,1,Cardiology,10,12,0.8333
2025-07-02,1,Cardiology,11,12,0.9167
2025-07-03,1,Cardiology,10,12,0.8333
2025-07-04,1,Cardiology,8,12,0.6667
2025-07-05,1,Cardiology,7,12,0.5833
2025-07-06,1,Cardiology,7,12,0.5833
2025-07-07,1,Cardiology,7,12,0.5833
2025-07-08,1,Cardiology,5,12,0.4167
2025-07-09,1,Cardiology,6,12,0.5
2025-07-10,1,Cardiology,7,12,0.5833
2025-07-11,1,Cardiology,6,12,0.5
2025-07-12,1,Cardiology,6,12,0.5
2025-07-13,1,Cardiology,6,12,0.5
2025-07-14,1,Cardiology,11,12,0.9167
2025-07-15,1,Cardiology,13,12,1.0833
2025-07-16,1,Cardiology,13,12,1.0833
2025-07-17,1,Cardiology,9,12,0.75
2025-07-18,1,Cardiology,8,12,0.6667
2025-07-19,1,Cardiology,9,12,0.75
2025-07-20,1,Cardiology,8,12,0.6667
2025-07-21,1,Cardiology,11,12,0.9167
2025-07-22,1,Cardiology,9,12,0.75
2025-07-23,1,Cardiology,7,12,0.5833
2025-07-24,1,Cardiology,10,12,0.8333
2025-07-25,1,Cardiology,11,12,0.9167
2025-07-26,1,Cardiology,13,12,1.0833
2025-07-27,1,Cardiology,11,12,0.9167
2025-07-28,1,Cardiology,10,12,0.8333
2025-07-29,1,Cardiology,10,12,0.8333
2025-07-30,1,Cardiology,9,12,0.75
2025-07-31,1,Cardiology,13,12,1.0833
2025-08-01,1,Cardiology,10,12,0.8333
2025-08-02,1,Cardiology,12,12,1.0
2025-08-03,1,Cardiology,11,12,0.9167
2025-08-04,1,Cardiology,10,12,0.8333
2025-08-05,1,Cardiology,9,12,0.75
2025-08-06,1,Cardiology,9,12,0.75
2025-08-07,1,Cardiology,8,12,0.6667
2025-08-08,1,Cardiology,9,12,0.75
2025-08-09,1,Cardiology,8,12,0.6667
2025-08-10,1,Cardiology,9,12,0.75
2025-08-11,1,Cardiology,11,12,0.9167
2025-08-12,1,Cardiology,10,12,0.8333
2025-08-13,1,Cardiology,12,12,1.0
2025-08-14,1,Cardiology,11,12,0.9167
2025-08-15,1,Cardiology,11,12,0.9167
2025-08-16,1,Cardiology,14,12,1.1667
2025-08-17,1,Cardiology,10,12,0.8333
2025-08-18,1,Cardiology,8,12,0.6667
2025-08-19,1,Cardiology,7,12,0.5833
2025-08-20,1,Cardiology,5,12,0.4167
2025-08-21,1,Cardiology,6,12,0.5
2025-08-22,1,Cardiology,8,12,0.6667
2025-08-23,1,Cardiology,11,12,0.9167
2025-08-24,1,Cardiology,12,12,1.0
2025-08-25,1,Cardiology,13,12,1.0833
2025-08-26,1,Cardiology,11,12,0.9167
2025-08-27,1,Cardiology,12,12,1.0
2025-08-28,1,Cardiology,9,12,0.75
2025-08-29,1,Cardiology,9,12,0.75
2025-08-30,1,Cardiology,8,12,0.6667
2025-08-31,1,Cardiology,7,12,0.5833
2025-09-01,1,Cardiology,9,12,0.75
2025-09-02,1,Cardiology,10,12,0.8333
2025-09-03,1,Cardiology,7,12,0.5833
2025-09-04,1,Cardiology,9,12,0.75
2025-09-05,1,Cardiology,11,12,0.9167
2025-09-06,1,Cardiology,10,12,0.8333
2025-09-07,1,Cardiology,11,12,0.9167
2025-09-08,1,Cardiology,10,12,0.8333
2025-09-09,1,Cardiology,7,12,0.5833
2025-09-10,1,Cardiology,5,12,0.4167
2025-09-11,1,Cardiology,5,12,0.4167
2025-09-12,1,Cardiology,6,12,0.5
2025-09-13,1,Cardiology,6,12,0.5
2025-09-14,1,Cardiology,5,12,0.4167
2025-09-15,1,Cardiology,6,12,0.5
2025-09-16,1,Cardiology,9,12,0.75
2025-09-17,1,Cardiology,10,12,0.8333
2025-09-18,1,Cardiology,10,12,0.8333
2025-09-19,1,Cardiology,9,12,0.75
2025-09-20,1,Cardiology,7,12,0.5833
2025-09-21,1,Cardiology,7,12,0.5833
2025-09-22,1,Cardiology,5,12,0.4167
2025-09-23,1,Cardiology,6,12,0.5
2025-09-24,1,Cardiology,6,12,0.5
2025-09-25,1,Cardiology,12,12,1.0
2025-09-26,1,Cardiology,13,12,1.0833
2025-09-27,1,Cardiology,11,12,0.9167
2025-09-28,1,Cardiology,12,12,1.0
2025-09-29,1,Cardiology,9,12,0.75
2025-09-30,1,Cardiology,7,12,0.5833
2025-10-01,1,Cardiology,9,12,0.75
2025-10-02,1,Cardiology,7,12,0.5833
2025-10-03,1,Cardiology,5,12,0.4167
2025-10-04,1,Cardiology,3,12,0.25
2025-10-05,1,Cardiology,5,12,0.4167
2025-10-06,1,Cardiology,4,12,0.3333
2025-10-07,1,Cardiology,7,12,0.5833
2025-10-08,1,Cardiology,6,12,0.5
2025-10-09,1,Cardiology,4,12,0.3333
2025-10-10,1,Cardiology,10,12,0.8333
2025-10-11,1,Cardiology,10,12,0.8333
2025-10-12,1,Cardiology,11,12,0.9167
2025-10-13,1,Cardiology,14,12,1.1667
2025-10-14,1,Cardiology,11,12,0.9167
2025-10-15,1,Cardiology,9,12,0.75
2025-10-16,1,Cardiology,12,12,1.0
2025-10-17,1,Cardiology,11,12,0.9167
2025-10-18,1,Cardiology,11,12,0.9167
2025-10-19,1,Cardiology,10,12,0.8333
2025-10-20,1,Cardiology,7,12,0.5833
2025-10-21,1,Cardiology,6,12,0.5
2025-10-22,1,Cardiology,5,12,0.4167
2025-10-23,1,Cardiology,5,12,0.4167
2025-10-24,1,Cardiology,6,12,0.5
2025-10-25,1,Cardiology,7,12,0.5833
2025-10-26,1,Cardiology,12,12,1.0
2025-10-27,1,Cardiology,12,12,1.0
2025-10-28,1,Cardiology,12,12,1.0
2025-10-29,1,Cardiology,13,12,1.0833
2025-10-30,1,Cardiology,13,12,1.0833
2025-10-31,1,Cardiology,13,12,1.0833
2025-11-01,1,Cardiology,10,12,0.8333
2025-11-02,1,Cardiology,12,12,1.0
2025-11-03,1,Cardiology,12,12,1.0
2025-11-04,1,Cardiology,11,12,0.9167
2025-11-05,1,Cardiology,14,12,1.1667
2025-11-06,1,Cardiology,20,12,1.6667
2025-11-07,1,Cardiology,14,12,1.1667
2025-11-08,1,Cardiology,11,12,0.9167
2025-11-09,1,Cardiology,10,12,0.8333
2025-11-10,1,Cardiology,9,12,0.75
2025-11-11,1,Cardiology,11,12,0.9167
2025-11-12,1,Cardiology,9,12,0.75
2025-11-13,1,Cardiology,8,12,0.6667
2025-11-14,1,Cardiology,8,12,0.6667
2025-11-15,1,Cardiology,8,12,0.6667
2025-11-16,1,Cardiology,14,12,1.1667
2025-11-17,1,Cardiology,13,12,1.0833
2025-11-18,1,Cardiology,16,12,1.3333
2025-11-19,1,Cardiology,15,12,1.25
2025-11-20,1,Cardiology,12,12,1.0
2025-11-21,1,Cardiology,11,12,0.9167
2025-11-22,1,Cardiology,9,12,0.75
2025-11-23,1,Cardiology,8,12,0.6667
2025-11-24,1,Cardiology,9,12,0.75
2025-11-25,1,Cardiology,12,12,1.0
2025-11-26,1,Cardiology,11,12,0.9167
2025-11-27,1,Cardiology,12,12,1.0
2025-11-28,1,Cardiology,9,12,0.75
2025-11-29,1,Cardiology,11,12,0.9167
2025-11-30,1,Cardiology,12,12,1.0
2025-12-01,1,Cardiology,11,12,0.9167
2025-12-02,1,Cardiology,17,12,1.4167
2025-12-03,1,Cardiology,16,12,1.3333
2025-12-04,1,Cardiology,14,12,1.1667
2025-12-05,1,Cardiology,8,12,0.6667
2025-12-06,1,Cardiology,9,12,0.75
2025-12-07,1,Cardiology,12,12,1.0
2025-12-08,1,Cardiology,12,12,1.0
2025-12-09,1,Cardiology,14,12,1.1667
2025-12-10,1,Cardiology,14,12,1.1667
2025-12-11,1,Cardiology,12,12,1.0
2025-12-12,1,Cardiology,15,12,1.25
2025-12-13,1,Cardiology,14,12,1.1667
2025-12-14,1,Cardiology,13,12,1.0833
2025-12-15,1,Cardiology,14,12,1.1667
2025-12-16,1,Cardiology,12,12,1.0
2025-12-17,1,Cardiology,12,12,1.0
2025-12-18,1,Cardiology,9,12,0.75
2025-12-19,1,Cardiology,10,12,0.8333
2025-12-20,1,Cardiology,13,12,1.0833
2025-12-21,1,Cardiology,13,12,1.0833
2025-12-22,1,Cardiology,15,12,1.25
2025-12-23,1,Cardiology,13,12,1.0833
2025-12-24,1,Cardiology,15,12,1.25
2025-12-25,1,Cardiology,14,12,1.1667
2025-12-26,1,Cardiology,13,12,1.0833
2025-12-27,1,Cardiology,12,12,1.0
2025-12-28,1,Cardiology,13,12,1.0833
2025-12-29,1,Cardiology,17,12,1.4167
2025-12-30,1,Cardiology,18,12,1.5
2025-12-31,1,Cardiology,13,12,1.0833
2026-01-01,1,Cardiology,14,12,1.1667
2026-01-02,1,Cardiology,11,12,0.9167
2026-01-03,1,Cardiology,8,12,0.6667
2026-01-04,1,Cardiology,7,12,0.5833
2026-01-05,1,Cardiology,9,12,0.75
2026-01-06,1,Cardiology,6,12,0.5
2026-01-07,1,Cardiology,7,12,0.5833
2026-01-08,1,Cardiology,6,12,0.5
2026-01-09,1,Cardiology,7,12,0.5833
2026-01-10,1,Cardiology,9,12,0.75
2026-01-11,1,Cardiology,9,12,0.75
2026-01-12,1,Cardiology,12,12,1.0
2026-01-13,1,Cardiology,15,12,1.25
2026-01-14,1,Cardiology,17,12,1.4167
2026-01-15,1,Cardiology,13,12,1.0833
2026-01-16,1,Cardiology,12,12,1.0
2026-01-17,1,Cardiology,11,12,0.9167
2026-01-18,1,Cardiology,7,12,0.5833
2026-01-19,1,Cardiology,5,12,0.4167
2026-01-20,1,Cardiology,6,12,0.5
2026-01-21,1,Cardiology,5,12,0.4167
2026-01-22,1,Cardiology,6,12,0.5
2026-01-23,1,Cardiology,5,12,0.4167
2026-01-24,1,Cardiology,6,12,0.5
2026-01-25,1,Cardiology,7,12,0.5833
2026-01-26,1,Cardiology,8,12,0.6667
2026-01-27,1,Cardiology,6,12,0.5
2026-01-28,1,Cardiology,6,12,0.5
2026-01-29,1,Cardiology,7,12,0.5833
2026-01-30,1,Cardiology,5,12,0.4167
2026-01-31,1,Cardiology,5,12,0.4167
2026-02-01,1,Cardiology,8,12,0.6667
2026-02-02,1,Cardiology,10,12,0.8333
2026-02-03,1,Cardiology,11,12,0.9167
2026-02-04,1,Cardiology,13,12,1.0833
2026-02-05,1,Cardiology,12,12,1.0
2026-02-06,1,Cardiology,10,12,0.8333
2026-02-07,1,Cardiology,10,12,0.8333
2026-02-08,1,Cardiology,9,12,0.75
2026-02-09,1,Cardiology,8,12,0.6667
2026-02-10,1,Cardiology,10,12,0.8333
2026-02-11,1,Cardiology,10,12,0.8333
2026-02-12,1,Cardiology,14,12,1.1667
2026-02-13,1,Cardiology,11,12,0.9167
2026-02-14,1,Cardiology,11,12,0.9167
2026-02-15,1,Cardiology,11,12,0.9167
2026-02-16,1,Cardiology,12,12,1.0
2026-02-17,1,Cardiology,14,12,1.1667
2026-02-18,1,Cardiology,12,12,1.0
2026-02-19,1,Cardiology,13,12,1.0833
2026-02-20,1,Cardiology,12,12,1.0
2026-02-21,1,Cardiology,12,12,1.0
2026-02-22,1,Cardiology,12,12,1.0
2026-02-23,1,Cardiology,11,12,0.9167
2026-02-24,1,Cardiology,12,12,1.0
2026-02-25,1,Cardiology,13,12,1.0833
2026-02-26,1,Cardiology,9,12,0.75
2026-02-27,1,Cardiology,8,12,0.6667
2026-02-28,1,Cardiology,6,12,0.5
2026-03-01,1,Cardiology,6,12,0.5
2026-03-02,1,Cardiology,6,12,0.5
2026-03-03,1,Cardiology,4,12,0.3333
2026-03-04,1,Cardiology,5,12,0.4167
2026-03-05,1,Cardiology,7,12,0.5833
2026-03-06,1,Cardiology,6,12,0.5
2026-03-07,1,Cardiology,6,12,0.5
2026-03-08,1,Cardiology,9,12,0.75
2026-03-09,1,Cardiology,10,12,0.8333
2026-03-10,1,Cardiology,9,12,0.75
2026-03-11,1,Cardiology,11,12,0.9167
2026-03-12,1,Cardiology,7,12,0.5833
2026-03-13,1,Cardiology,9,12,0.75
2026-03-14,1,Cardiology,9,12,0.75
2026-03-15,1,Cardiology,9,12,0.75
2026-03-16,1,Cardiology,10,12,0.8333
2026-03-17,1,Cardiology,10,12,0.8333
2026-03-18,1,Cardiology,11,12,0.9167
2026-03-19,1,Cardiology,10,12,0.8333
2026-03-20,1,Cardiology,9,12,0.75
2026-03-21,1,Cardiology,9,12,0.75
2026-03-22,1,Cardiology,8,12,0.6667
2026-03-23,1,Cardiology,8,12,0.6667
2026-03-24,1,Cardiology,8,12,0.6667
2026-03-25,1,Cardiology,5,12,0.4167
2026-03-26,1,Cardiology,9,12,0.75
2026-03-27,1,Cardiology,10,12,0.8333
2026-03-28,1,Cardiology,8,12,0.6667
2026-03-29,1,Cardiology,10,12,0.8333
2026-03-30,1,Cardiology,9,12,0.75
2026-03-31,1,Cardiology,7,12,0.5833
2026-04-01,1,Cardiology,2,12,0.1667
2026-04-02,1,Cardiology,4,12,0.3333
2026-04-03,1,Cardiology,6,12,0.5
2026-04-04,1,Cardiology,7,12,0.5833
2026-04-05,1,Cardiology,7,12,0.5833
2026-04-06,1,Cardiology,7,12,0.5833
2026-04-07,1,Cardiology,5,12,0.4167
2026-04-08,1,Cardiology,6,12,0.5
2026-04-09,1,Cardiology,3,12,0.25
2026-04-10,1,Cardiology,2,12,0.1667
2026-04-11,1,Cardiology,5,12,0.4167
2026-04-12,1,Cardiology,5,12,0.4167
2026-04-13,1,Cardiology,4,12,0.3333
2026-04-14,1,Cardiology,3,12,0.25
2026-04-15,1,Cardiology,2,12,0.1667
2026-04-16,1,Cardiology,5,12,0.4167
2026-04-17,1,Cardiology,9,12,0.75
2026-04-18,1,Cardiology,8,12,0.6667
2026-04-19,1,Cardiology,10,12,0.8333
2026-04-20,1,Cardiology,11,12,0.9167
2026-04-21,1,Cardiology,11,12,0.9167
2026-04-22,1,Cardiology,14,12,1.1667
2026-04-23,1,Cardiology,14,12,1.1667
2026-04-24,1,Cardiology,15,12,1.25
2026-04-25,1,Cardiology,13,12,1.0833
2026-04-26,1,Cardiology,10,12,0.8333
2026-04-27,1,Cardiology,7,12,0.5833
2026-04-28,1,Cardiology,8,12,0.6667
2026-04-29,1,Cardiology,8,12,0.6667
2026-04-30,1,Cardiology,10,12,0.8333
2026-05-01,1,Cardiology,9,12,0.75
2026-05-02,1,Cardiology,10,12,0.8333
2026-05-03,1,Cardiology,11,12,0.9167
2026-05-04,1,Cardiology,7,12,0.5833
2026-05-05,1,Cardiology,4,12,0.3333
2026-05-06,1,Cardiology,4,12,0.3333
2026-05-07,1,Cardiology,3,12,0.25
2026-05-08,1,Cardiology,4,12,0.3333
2026-05-09,1,Cardiology,2,12,0.1667
2026-05-10,1,Cardiology,4,12,0.3333
2026-05-11,1,Cardiology,4,12,0.3333
2026-05-12,1,Cardiology,4,12,0.3333
2026-05-13,1,Cardiology,5,12,0.4167
2026-05-14,1,Cardiology,4,12,0.3333
2026-05-15,1,Cardiology,2,12,0.1667
2026-05-16,1,Cardiology,2,12,0.1667
2026-05-17,1,Cardiology,3,12,0.25
2026-05-18,1,Cardiology,6,12,0.5
2026-05-19,1,Cardiology,6,12,0.5
2026-05-20,1,Cardiology,8,12,0.6667
2026-05-21,1,Cardiology,10,12,0.8333
2026-05-22,1,Cardiology,9,12,0.75
2026-05-23,1,Cardiology,4,12,0.3333
2026-05-24,1,Cardiology,8,12,0.6667
2026-05-25,1,Cardiology,7,12,0.5833
2026-05-26,1,Cardiology,7,12,0.5833
2026-05-27,1,Cardiology,9,12,0.75
2026-05-28,1,Cardiology,9,12,0.75
2026-05-29,1,Cardiology,10,12,0.8333
2026-05-30,1,Cardiology,10,12,0.8333
2026-05-31,1,Cardiology,7,12,0.5833
2026-06-01,1,Cardiology,9,12,0.75
2026-06-02,1,Cardiology,8,12,0.6667
2026-06-03,1,Cardiology,11,12,0.9167
2026-06-04,1,Cardiology,12,12,1.0
2026-06-05,1,Cardiology,12,12,1.0
2026-06-06,1,Cardiology,12,12,1.0
2026-06-07,1,Cardiology,9,12,0.75
2026-06-08,1,Cardiology,9,12,0.75
2026-06-09,1,Cardiology,7,12,0.5833
2026-06-10,1,Cardiology,4,12,0.3333
2026-06-11,1,Cardiology,6,12,0.5
2026-06-12,1,Cardiology,8,12,0.6667
2026-06-13,1,Cardiology,10,12,0.8333
2026-06-14,1,Cardiology,9,12,0.75
2026-06-15,1,Cardiology,8,12,0.6667
2026-06-16,1,Cardiology,6,12,0.5
2026-06-17,1,Cardiology,5,12,0.4167
2026-06-18,1,Cardiology,6,12,0.5
2026-06-19,1,Cardiology,8,12,0.6667
2026-06-20,1,Cardiology,7,12,0.5833
2026-06-21,1,Cardiology,8,12,0.6667
2026-06-22,1,Cardiology,8,12,0.6667
2026-06-23,1,Cardiology,8,12,0.6667
2026-06-24,1,Cardiology,9,12,0.75
2026-06-25,1,Cardiology,8,12,0.6667
2026-06-26,1,Cardiology,4,12,0.3333
2026-06-27,1,Cardiology,2,12,0.1667
2026-06-28,1,Cardiology,4,12,0.3333
2026-06-29,1,Cardiology,2,12,0.1667
2026-06-30,1,Cardiology,5,12,0.4167
2026-07-01,1,Cardiology,10,12,0.8333
2026-07-02,1,Cardiology,12,12,1.0
2026-07-03,1,Cardiology,13,12,1.0833
2026-07-04,1,Cardiology,15,12,1.25
2026-07-05,1,Cardiology,13,12,1.0833
2026-07-06,1,Cardiology,17,12,1.4167
2026-07-07,1,Cardiology,11,12,0.9167
2026-07-08,1,Cardiology,9,12,0.75
2026-07-09,1,Cardiology,11,12,0.9167
2026-07-10,1,Cardiology,9,12,0.75
2026-07-11,1,Cardiology,9,12,0.75
2026-07-12,1,Cardiology,8,12,0.6667
2026-07-13,1,Cardiology,9,12,0.75
2026-07-14,1,Cardiology,7,12,0.5833
2026-07-15,1,Cardiology,10,12,0.8333
2026-07-16,1,Cardiology,11,12,0.9167
2026-07-17,1,Cardiology,16,12,1.3333
2026-07-18,1,Cardiology,18,12,1.5
2026-07-19,1,Cardiology,15,12,1.25
2026-07-20,1,Cardiology,12,12,1.0
2026-07-21,1,Cardiology,8,12,0.6667
2026-07-22,1,Cardiology,8,12,0.6667
2026-07-23,1,Cardiology,8,12,0.6667
2026-07-24,1,Cardiology,7,12,0.5833
2026-07-25,1,Cardiology,7,12,0.5833
2026-07-26,1,Cardiology,5,12,0.4167
2026-07-27,1,Cardiology,8,12,0.6667
2026-07-28,1,Cardiology,8,12,0.6667
2026-07-29,1,Cardiology,8,12,0.6667
2026-07-30,1,Cardiology,10,12,0.8333
2026-07-31,1,Cardiology,12,12,1.0
2026-08-01,1,Cardiology,9,12,0.75
2026-08-02,1,Cardiology,6,12,0.5
2026-08-03,1,Cardiology,8,12,0.6667
2026-08-04,1,Cardiology,10,12,0.8333
2026-08-05,1,Cardiology,7,12,0.5833
2026-08-06,1,Cardiology,8,12,0.6667
2026-08-07,1,Cardiology,7,12,0.5833
2026-08-08,1,Cardiology,8,12,0.6667
2026-08-09,1,Cardiology,9,12,0.75
2026-08-10,1,Cardiology,9,12,0.75
2026-08-11,1,Cardiology,13,12,1.0833
2026-08-12,1,Cardiology,9,12,0.75
2026-08-13,1,Cardiology,10,12,0.8333
2026-08-14,1,Cardiology,7,12,0.5833
2026-08-15,1,Cardiology,6,12,0.5
2026-08-16,1,Cardiology,6,12,0.5
2026-08-17,1,Cardiology,11,12,0.9167
2026-08-18,1,Cardiology,9,12,0.75
2026-08-19,1,Cardiology,7,12,0.5833
2026-08-20,1,Cardiology,6,12,0.5
2026-08-21,1,Cardiology,6,12,0.5
2026-08-22,1,Cardiology,7,12,0.5833
2026-08-23,1,Cardiology,7,12,0.5833
2026-08-24,1,Cardiology,8,12,0.6667
2026-08-25,1,Cardiology,9,12,0.75
2026-08-26,1,Cardiology,10,12,0.8333
2026-08-27,1,Cardiology,13,12,1.0833
2026-08-28,1,Cardiology,11,12,0.9167
2026-08-29,1,Cardiology,9,12,0.75
2026-08-30,1,Cardiology,9,12,0.75
2026-08-31,1,Cardiology,7,12,0.5833
2024-01-01,2,Internal Medicine,1,18,0.0556
2024-01-02,2,Internal Medicine,3,18,0.1667
2024-01-03,2,Internal Medicine,4,18,0.2222
2024-01-04,2,Internal Medicine,4,18,0.2222
2024-01-05,2,Internal Medicine,7,18,0.3889
2024-01-06,2,Internal Medicine,6,18,0.3333
2024-01-07,2,Internal Medicine,7,18,0.3889
2024-01-08,2,Internal Medicine,8,18,0.4444
2024-01-09,2,Internal Medicine,7,18,0.3889
2024-01-10,2,Internal Medicine,9,18,0.5
2024-01-11,2,Internal Medicine,10,18,0.5556
2024-01-12,2,Internal Medicine,13,18,0.7222
2024-01-13,2,Internal Medicine,12,18,0.6667
2024-01-14,2,Internal Medicine,8,18,0.4444
2024-01-15,2,Internal Medicine,10,18,0.5556
2024-01-16,2,Internal Medicine,8,18,0.4444
2024-01-17,2,Internal Medicine,8,18,0.4444
2024-01-18,2,Internal Medicine,9,18,0.5
2024-01-19,2,Internal Medicine,10,18,0.5556
2024-01-20,2,Internal Medicine,13,18,0.7222
2024-01-21,2,Internal Medicine,11,18,0.6111
2024-01-22,2,Internal Medicine,17,18,0.9444
2024-01-23,2,Internal Medicine,10,18,0.5556
2024-01-24,2,Internal Medicine,9,18,0.5
2024-01-25,2,Internal Medicine,9,18,0.5
2024-01-26,2,Internal Medicine,7,18,0.3889
2024-01-27,2,Internal Medicine,7,18,0.3889
2024-01-28,2,Internal Medicine,7,18,0.3889
2024-01-29,2,Internal Medicine,12,18,0.6667
2024-01-30,2,Internal Medicine,14,18,0.7778
2024-01-31,2,Internal Medicine,13,18,0.7222
2024-02-01,2,Internal Medicine,13,18,0.7222
2024-02-02,2,Internal Medicine,15,18,0.8333
2024-02-03,2,Internal Medicine,10,18,0.5556
2024-02-04,2,Internal Medicine,12,18,0.6667
2024-02-05,2,Internal Medicine,13,18,0.7222
2024-02-06,2,Internal Medicine,13,18,0.7222
2024-02-07,2,Internal Medicine,16,18,0.8889
2024-02-08,2,Internal Medicine,10,18,0.5556
2024-02-09,2,Internal Medicine,7,18,0.3889
2024-02-10,2,Internal Medicine,8,18,0.4444
2024-02-11,2,Internal Medicine,8,18,0.4444
2024-02-12,2,Internal Medicine,10,18,0.5556
2024-02-13,2,Internal Medicine,9,18,0.5
2024-02-14,2,Internal Medicine,11,18,0.6111
2024-02-15,2,Internal Medicine,12,18,0.6667
2024-02-16,2,Internal Medicine,10,18,0.5556
2024-02-17,2,Internal Medicine,8,18,0.4444
2024-02-18,2,Internal Medicine,8,18,0.4444
2024-02-19,2,Internal Medicine,7,18,0.3889
2024-02-20,2,Internal Medicine,9,18,0.5
2024-02-21,2,Internal Medicine,11,18,0.6111
2024-02-22,2,Internal Medicine,11,18,0.6111
2024-02-23,2,Internal Medicine,12,18,0.6667
2024-02-24,2,Internal Medicine,14,18,0.7778
2024-02-25,2,Internal Medicine,17,18,0.9444
2024-02-26,2,Internal Medicine,22,18,1.2222
2024-02-27,2,Internal Medicine,23,18,1.2778
2024-02-28,2,Internal Medicine,18,18,1.0
2024-02-29,2,Internal Medicine,13,18,0.7222
2024-03-01,2,Internal Medicine,12,18,0.6667
2024-03-02,2,Internal Medicine,10,18,0.5556
2024-03-03,2,Internal Medicine,9,18,0.5
2024-03-04,2,Internal Medicine,12,18,0.6667
2024-03-05,2,Internal Medicine,11,18,0.6111
2024-03-06,2,Internal Medicine,9,18,0.5
2024-03-07,2,Internal Medicine,5,18,0.2778
2024-03-08,2,Internal Medicine,6,18,0.3333
2024-03-09,2,Internal Medicine,7,18,0.3889
2024-03-10,2,Internal Medicine,6,18,0.3333
2024-03-11,2,Internal Medicine,8,18,0.4444
2024-03-12,2,Internal Medicine,9,18,0.5
2024-03-13,2,Internal Medicine,12,18,0.6667
2024-03-14,2,Internal Medicine,14,18,0.7778
2024-03-15,2,Internal Medicine,16,18,0.8889
2024-03-16,2,Internal Medicine,13,18,0.7222
2024-03-17,2,Internal Medicine,12,18,0.6667
2024-03-18,2,Internal Medicine,14,18,0.7778
2024-03-19,2,Internal Medicine,15,18,0.8333
2024-03-20,2,Internal Medicine,14,18,0.7778
2024-03-21,2,Internal Medicine,9,18,0.5
2024-03-22,2,Internal Medicine,8,18,0.4444
2024-03-23,2,Internal Medicine,9,18,0.5
2024-03-24,2,Internal Medicine,10,18,0.5556
2024-03-25,2,Internal Medicine,9,18,0.5
2024-03-26,2,Internal Medicine,7,18,0.3889
2024-03-27,2,Internal Medicine,9,18,0.5
2024-03-28,2,Internal Medicine,9,18,0.5
2024-03-29,2,Internal Medicine,9,18,0.5
2024-03-30,2,Internal Medicine,9,18,0.5
2024-03-31,2,Internal Medicine,6,18,0.3333
2024-04-01,2,Internal Medicine,6,18,0.3333
2024-04-02,2,Internal Medicine,8,18,0.4444
2024-04-03,2,Internal Medicine,9,18,0.5
2024-04-04,2,Internal Medicine,10,18,0.5556
2024-04-05,2,Internal Medicine,10,18,0.5556
2024-04-06,2,Internal Medicine,7,18,0.3889
2024-04-07,2,Internal Medicine,9,18,0.5
2024-04-08,2,Internal Medicine,7,18,0.3889
2024-04-09,2,Internal Medicine,10,18,0.5556
2024-04-10,2,Internal Medicine,10,18,0.5556
2024-04-11,2,Internal Medicine,12,18,0.6667
2024-04-12,2,Internal Medicine,15,18,0.8333
2024-04-13,2,Internal Medicine,12,18,0.6667
2024-04-14,2,Internal Medicine,12,18,0.6667
2024-04-15,2,Internal Medicine,12,18,0.6667
2024-04-16,2,Internal Medicine,10,18,0.5556
2024-04-17,2,Internal Medicine,12,18,0.6667
2024-04-18,2,Internal Medicine,15,18,0.8333
2024-04-19,2,Internal Medicine,13,18,0.7222
2024-04-20,2,Internal Medicine,12,18,0.6667
2024-04-21,2,Internal Medicine,12,18,0.6667
2024-04-22,2,Internal Medicine,10,18,0.5556
2024-04-23,2,Internal Medicine,10,18,0.5556
2024-04-24,2,Internal Medicine,11,18,0.6111
2024-04-25,2,Internal Medicine,9,18,0.5
2024-04-26,2,Internal Medicine,11,18,0.6111
2024-04-27,2,Internal Medicine,9,18,0.5
2024-04-28,2,Internal Medicine,12,18,0.6667
2024-04-29,2,Internal Medicine,11,18,0.6111
2024-04-30,2,Internal Medicine,14,18,0.7778
2024-05-01,2,Internal Medicine,11,18,0.6111
2024-05-02,2,Internal Medicine,13,18,0.7222
2024-05-03,2,Internal Medicine,11,18,0.6111
2024-05-04,2,Internal Medicine,12,18,0.6667
2024-05-05,2,Internal Medicine,12,18,0.6667
2024-05-06,2,Internal Medicine,11,18,0.6111
2024-05-07,2,Internal Medicine,15,18,0.8333
2024-05-08,2,Internal Medicine,13,18,0.7222
2024-05-09,2,Internal Medicine,14,18,0.7778
2024-05-10,2,Internal Medicine,16,18,0.8889
2024-05-11,2,Internal Medicine,15,18,0.8333
2024-05-12,2,Internal Medicine,15,18,0.8333
2024-05-13,2,Internal Medicine,16,18,0.8889
2024-05-14,2,Internal Medicine,16,18,0.8889
2024-05-15,2,Internal Medicine,14,18,0.7778
2024-05-16,2,Internal Medicine,11,18,0.6111
2024-05-17,2,Internal Medicine,9,18,0.5
2024-05-18,2,Internal Medicine,10,18,0.5556
2024-05-19,2,Internal Medicine,8,18,0.4444
2024-05-20,2,Internal Medicine,11,18,0.6111
2024-05-21,2,Internal Medicine,13,18,0.7222
2024-05-22,2,Internal Medicine,17,18,0.9444
2024-05-23,2,Internal Medicine,20,18,1.1111
2024-05-24,2,Internal Medicine,18,18,1.0
2024-05-25,2,Internal Medicine,15,18,0.8333
2024-05-26,2,Internal Medicine,14,18,0.7778
2024-05-27,2,Internal Medicine,12,18,0.6667
2024-05-28,2,Internal Medicine,11,18,0.6111
2024-05-29,2,Internal Medicine,13,18,0.7222
2024-05-30,2,Internal Medicine,14,18,0.7778
2024-05-31,2,Internal Medicine,12,18,0.6667
2024-06-01,2,Internal Medicine,9,18,0.5
2024-06-02,2,Internal Medicine,8,18,0.4444
2024-06-03,2,Internal Medicine,10,18,0.5556
2024-06-04,2,Internal Medicine,13,18,0.7222
2024-06-05,2,Internal Medicine,10,18,0.5556
2024-06-06,2,Internal Medicine,9,18,0.5
2024-06-07,2,Internal Medicine,10,18,0.5556
2024-06-08,2,Internal Medicine,9,18,0.5
2024-06-09,2,Internal Medicine,8,18,0.4444
2024-06-10,2,Internal Medicine,6,18,0.3333
2024-06-11,2,Internal Medicine,5,18,0.2778
2024-06-12,2,Internal Medicine,6,18,0.3333
2024-06-13,2,Internal Medicine,8,18,0.4444
2024-06-14,2,Internal Medicine,6,18,0.3333
2024-06-15,2,Internal Medicine,8,18,0.4444
2024-06-16,2,Internal Medicine,8,18,0.4444
2024-06-17,2,Internal Medicine,7,18,0.3889
2024-06-18,2,Internal Medicine,9,18,0.5
2024-06-19,2,Internal Medicine,10,18,0.5556
2024-06-20,2,Internal Medicine,12,18,0.6667
2024-06-21,2,Internal Medicine,18,18,1.0
2024-06-22,2,Internal Medicine,19,18,1.0556
2024-06-23,2,Internal Medicine,16,18,0.8889
2024-06-24,2,Internal Medicine,14,18,0.7778
2024-06-25,2,Internal Medicine,14,18,0.7778
2024-06-26,2,Internal Medicine,14,18,0.7778
2024-06-27,2,Internal Medicine,14,18,0.7778
2024-06-28,2,Internal Medicine,16,18,0.8889
2024-06-29,2,Internal Medicine,21,18,1.1667
2024-06-30,2,Internal Medicine,23,18,1.2778
2024-07-01,2,Internal Medicine,21,18,1.1667
2024-07-02,2,Internal Medicine,13,18,0.7222
2024-07-03,2,Internal Medicine,12,18,0.6667
2024-07-04,2,Internal Medicine,12,18,0.6667
2024-07-05,2,Internal Medicine,13,18,0.7222
2024-07-06,2,Internal Medicine,7,18,0.3889
2024-07-07,2,Internal Medicine,9,18,0.5
2024-07-08,2,Internal Medicine,8,18,0.4444
2024-07-09,2,Internal Medicine,10,18,0.5556
2024-07-10,2,Internal Medicine,16,18,0.8889
2024-07-11,2,Internal Medicine,15,18,0.8333
2024-07-12,2,Internal Medicine,15,18,0.8333
2024-07-13,2,Internal Medicine,11,18,0.6111
2024-07-14,2,Internal Medicine,10,18,0.5556
2024-07-15,2,Internal Medicine,12,18,0.6667
2024-07-16,2,Internal Medicine,10,18,0.5556
2024-07-17,2,Internal Medicine,8,18,0.4444
2024-07-18,2,Internal Medicine,11,18,0.6111
2024-07-19,2,Internal Medicine,13,18,0.7222
2024-07-20,2,Internal Medicine,13,18,0.7222
2024-07-21,2,Internal Medicine,11,18,0.6111
2024-07-22,2,Internal Medicine,9,18,0.5
2024-07-23,2,Internal Medicine,7,18,0.3889
2024-07-24,2,Internal Medicine,9,18,0.5
2024-07-25,2,Internal Medicine,9,18,0.5
2024-07-26,2,Internal Medicine,9,18,0.5
2024-07-27,2,Internal Medicine,11,18,0.6111
2024-07-28,2,Internal Medicine,12,18,0.6667
2024-07-29,2,Internal Medicine,10,18,0.5556
2024-07-30,2,Internal Medicine,6,18,0.3333
2024-07-31,2,Internal Medicine,6,18,0.3333
2024-08-01,2,Internal Medicine,10,18,0.5556
2024-08-02,2,Internal Medicine,10,18,0.5556
2024-08-03,2,Internal Medicine,11,18,0.6111
2024-08-04,2,Internal Medicine,12,18,0.6667
2024-08-05,2,Internal Medicine,8,18,0.4444
2024-08-06,2,Internal Medicine,7,18,0.3889
2024-08-07,2,Internal Medicine,10,18,0.5556
2024-08-08,2,Internal Medicine,9,18,0.5
2024-08-09,2,Internal Medicine,13,18,0.7222
2024-08-10,2,Internal Medicine,13,18,0.7222
2024-08-11,2,Internal Medicine,10,18,0.5556
2024-08-12,2,Internal Medicine,11,18,0.6111
2024-08-13,2,Internal Medicine,12,18,0.6667
2024-08-14,2,Internal Medicine,12,18,0.6667
2024-08-15,2,Internal Medicine,13,18,0.7222
2024-08-16,2,Internal Medicine,13,18,0.7222
2024-08-17,2,Internal Medicine,13,18,0.7222
2024-08-18,2,Internal Medicine,12,18,0.6667
2024-08-19,2,Internal Medicine,15,18,0.8333
2024-08-20,2,Internal Medicine,8,18,0.4444
2024-08-21,2,Internal Medicine,7,18,0.3889
2024-08-22,2,Internal Medicine,8,18,0.4444
2024-08-23,2,Internal Medicine,5,18,0.2778
2024-08-24,2,Internal Medicine,6,18,0.3333
2024-08-25,2,Internal Medicine,12,18,0.6667
2024-08-26,2,Internal Medicine,15,18,0.8333
2024-08-27,2,Internal Medicine,14,18,0.7778
2024-08-28,2,Internal Medicine,18,18,1.0
2024-08-29,2,Internal Medicine,18,18,1.0
2024-08-30,2,Internal Medicine,18,18,1.0
2024-08-31,2,Internal Medicine,16,18,0.8889
2024-09-01,2,Internal Medicine,12,18,0.6667
2024-09-02,2,Internal Medicine,12,18,0.6667
2024-09-03,2,Internal Medicine,13,18,0.7222
2024-09-04,2,Internal Medicine,13,18,0.7222
2024-09-05,2,Internal Medicine,15,18,0.8333
2024-09-06,2,Internal Medicine,14,18,0.7778
2024-09-07,2,Internal Medicine,13,18,0.7222
2024-09-08,2,Internal Medicine,9,18,0.5
2024-09-09,2,Internal Medicine,8,18,0.4444
2024-09-10,2,Internal Medicine,8,18,0.4444
2024-09-11,2,Internal Medicine,9,18,0.5
2024-09-12,2,Internal Medicine,9,18,0.5
2024-09-13,2,Internal Medicine,10,18,0.5556
2024-09-14,2,Internal Medicine,13,18,0.7222
2024-09-15,2,Internal Medicine,16,18,0.8889
2024-09-16,2,Internal Medicine,14,18,0.7778
2024-09-17,2,Internal Medicine,16,18,0.8889
2024-09-18,2,Internal Medicine,15,18,0.8333
2024-09-19,2,Internal Medicine,11,18,0.6111
2024-09-20,2,Internal Medicine,14,18,0.7778
2024-09-21,2,Internal Medicine,14,18,0.7778
2024-09-22,2,Internal Medicine,10,18,0.5556
2024-09-23,2,Internal Medicine,11,18,0.6111
2024-09-24,2,Internal Medicine,11,18,0.6111
2024-09-25,2,Internal Medicine,11,18,0.6111
2024-09-26,2,Internal Medicine,10,18,0.5556
2024-09-27,2,Internal Medicine,13,18,0.7222
2024-09-28,2,Internal Medicine,14,18,0.7778
2024-09-29,2,Internal Medicine,9,18,0.5
2024-09-30,2,Internal Medicine,11,18,0.6111
2024-10-01,2,Internal Medicine,7,18,0.3889
2024-10-02,2,Internal Medicine,9,18,0.5
2024-10-03,2,Internal Medicine,10,18,0.5556
2024-10-04,2,Internal Medicine,11,18,0.6111
2024-10-05,2,Internal Medicine,12,18,0.6667
2024-10-06,2,Internal Medicine,11,18,0.6111
2024-10-07,2,Internal Medicine,13,18,0.7222
2024-10-08,2,Internal Medicine,14,18,0.7778
2024-10-09,2,Internal Medicine,11,18,0.6111
2024-10-10,2,Internal Medicine,16,18,0.8889
2024-10-11,2,Internal Medicine,15,18,0.8333
2024-10-12,2,Internal Medicine,14,18,0.7778
2024-10-13,2,Internal Medicine,14,18,0.7778
2024-10-14,2,Internal Medicine,13,18,0.7222
2024-10-15,2,Internal Medicine,13,18,0.7222
2024-10-16,2,Internal Medicine,12,18,0.6667
2024-10-17,2,Internal Medicine,13,18,0.7222
2024-10-18,2,Internal Medicine,16,18,0.8889
2024-10-19,2,Internal Medicine,17,18,0.9444
2024-10-20,2,Internal Medicine,16,18,0.8889
2024-10-21,2,Internal Medicine,13,18,0.7222
2024-10-22,2,Internal Medicine,10,18,0.5556
2024-10-23,2,Internal Medicine,7,18,0.3889
2024-10-24,2,Internal Medicine,9,18,0.5
2024-10-25,2,Internal Medicine,11,18,0.6111
2024-10-26,2,Internal Medicine,11,18,0.6111
2024-10-27,2,Internal Medicine,8,18,0.4444
2024-10-28,2,Internal Medicine,7,18,0.3889
2024-10-29,2,Internal Medicine,9,18,0.5
2024-10-30,2,Internal Medicine,8,18,0.4444
2024-10-31,2,Internal Medicine,10,18,0.5556
2024-11-01,2,Internal Medicine,9,18,0.5
2024-11-02,2,Internal Medicine,10,18,0.5556
2024-11-03,2,Internal Medicine,7,18,0.3889
2024-11-04,2,Internal Medicine,6,18,0.3333
2024-11-05,2,Internal Medicine,8,18,0.4444
2024-11-06,2,Internal Medicine,8,18,0.4444
2024-11-07,2,Internal Medicine,10,18,0.5556
2024-11-08,2,Internal Medicine,5,18,0.2778
2024-11-09,2,Internal Medicine,6,18,0.3333
2024-11-10,2,Internal Medicine,7,18,0.3889
2024-11-11,2,Internal Medicine,7,18,0.3889
2024-11-12,2,Internal Medicine,7,18,0.3889
2024-11-13,2,Internal Medicine,7,18,0.3889
2024-11-14,2,Internal Medicine,7,18,0.3889
2024-11-15,2,Internal Medicine,8,18,0.4444
2024-11-16,2,Internal Medicine,9,18,0.5
2024-11-17,2,Internal Medicine,7,18,0.3889
2024-11-18,2,Internal Medicine,10,18,0.5556
2024-11-19,2,Internal Medicine,8,18,0.4444
2024-11-20,2,Internal Medicine,7,18,0.3889
2024-11-21,2,Internal Medicine,6,18,0.3333
2024-11-22,2,Internal Medicine,9,18,0.5
2024-11-23,2,Internal Medicine,11,18,0.6111
2024-11-24,2,Internal Medicine,7,18,0.3889
2024-11-25,2,Internal Medicine,8,18,0.4444
2024-11-26,2,Internal Medicine,10,18,0.5556
2024-11-27,2,Internal Medicine,10,18,0.5556
2024-11-28,2,Internal Medicine,11,18,0.6111
2024-11-29,2,Internal Medicine,15,18,0.8333
2024-11-30,2,Internal Medicine,14,18,0.7778
2024-12-01,2,Internal Medicine,17,18,0.9444
2024-12-02,2,Internal Medicine,19,18,1.0556
2024-12-03,2,Internal Medicine,15,18,0.8333
2024-12-04,2,Internal Medicine,15,18,0.8333
2024-12-05,2,Internal Medicine,16,18,0.8889
2024-12-06,2,Internal Medicine,16,18,0.8889
2024-12-07,2,Internal Medicine,13,18,0.7222
2024-12-08,2,Internal Medicine,14,18,0.7778
2024-12-09,2,Internal Medicine,14,18,0.7778
2024-12-10,2,Internal Medicine,10,18,0.5556
2024-12-11,2,Internal Medicine,9,18,0.5
2024-12-12,2,Internal Medicine,7,18,0.3889
2024-12-13,2,Internal Medicine,3,18,0.1667
2024-12-14,2,Internal Medicine,6,18,0.3333
2024-12-15,2,Internal Medicine,11,18,0.6111
2024-12-16,2,Internal Medicine,15,18,0.8333
2024-12-17,2,Internal Medicine,13,18,0.7222
2024-12-18,2,Internal Medicine,12,18,0.6667
2024-12-19,2,Internal Medicine,8,18,0.4444
2024-12-20,2,Internal Medicine,6,18,0.3333
2024-12-21,2,Internal Medicine,10,18,0.5556
2024-12-22,2,Internal Medicine,14,18,0.7778
2024-12-23,2,Internal Medicine,14,18,0.7778
2024-12-24,2,Internal Medicine,15,18,0.8333
2024-12-25,2,Internal Medicine,11,18,0.6111
2024-12-26,2,Internal Medicine,10,18,0.5556
2024-12-27,2,Internal Medicine,13,18,0.7222
2024-12-28,2,Internal Medicine,12,18,0.6667
2024-12-29,2,Internal Medicine,14,18,0.7778
2024-12-30,2,Internal Medicine,16,18,0.8889
2024-12-31,2,Internal Medicine,14,18,0.7778
2025-01-01,2,Internal Medicine,11,18,0.6111
2025-01-02,2,Internal Medicine,9,18,0.5
2025-01-03,2,Internal Medicine,7,18,0.3889
2025-01-04,2,Internal Medicine,10,18,0.5556
2025-01-05,2,Internal Medicine,11,18,0.6111
2025-01-06,2,Internal Medicine,10,18,0.5556
2025-01-07,2,Internal Medicine,12,18,0.6667
2025-01-08,2,Internal Medicine,11,18,0.6111
2025-01-09,2,Internal Medicine,11,18,0.6111
2025-01-10,2,Internal Medicine,11,18,0.6111
2025-01-11,2,Internal Medicine,13,18,0.7222
2025-01-12,2,Internal Medicine,13,18,0.7222
2025-01-13,2,Internal Medicine,9,18,0.5
2025-01-14,2,Internal Medicine,10,18,0.5556
2025-01-15,2,Internal Medicine,10,18,0.5556
2025-01-16,2,Internal Medicine,10,18,0.5556
2025-01-17,2,Internal Medicine,9,18,0.5
2025-01-18,2,Internal Medicine,10,18,0.5556
2025-01-19,2,Internal Medicine,9,18,0.5
2025-01-20,2,Internal Medicine,8,18,0.4444
2025-01-21,2,Internal Medicine,8,18,0.4444
2025-01-22,2,Internal Medicine,6,18,0.3333
2025-01-23,2,Internal Medicine,5,18,0.2778
2025-01-24,2,Internal Medicine,7,18,0.3889
2025-01-25,2,Internal Medicine,10,18,0.5556
2025-01-26,2,Internal Medicine,7,18,0.3889
2025-01-27,2,Internal Medicine,5,18,0.2778
2025-01-28,2,Internal Medicine,10,18,0.5556
2025-01-29,2,Internal Medicine,12,18,0.6667
2025-01-30,2,Internal Medicine,16,18,0.8889
2025-01-31,2,Internal Medicine,15,18,0.8333
2025-02-01,2,Internal Medicine,14,18,0.7778
2025-02-02,2,Internal Medicine,12,18,0.6667
2025-02-03,2,Internal Medicine,11,18,0.6111
2025-02-04,2,Internal Medicine,17,18,0.9444
2025-02-05,2,Internal Medicine,16,18,0.8889
2025-02-06,2,Internal Medicine,16,18,0.8889
2025-02-07,2,Internal Medicine,12,18,0.6667
2025-02-08,2,Internal Medicine,11,18,0.6111
2025-02-09,2,Internal Medicine,9,18,0.5
2025-02-10,2,Internal Medicine,7,18,0.3889
2025-02-11,2,Internal Medicine,6,18,0.3333
2025-02-12,2,Internal Medicine,7,18,0.3889
2025-02-13,2,Internal Medicine,9,18,0.5
2025-02-14,2,Internal Medicine,8,18,0.4444
2025-02-15,2,Internal Medicine,8,18,0.4444
2025-02-16,2,Internal Medicine,7,18,0.3889
2025-02-17,2,Internal Medicine,9,18,0.5
2025-02-18,2,Internal Medicine,5,18,0.2778
2025-02-19,2,Internal Medicine,6,18,0.3333
2025-02-20,2,Internal Medicine,7,18,0.3889
2025-02-21,2,Internal Medicine,9,18,0.5
2025-02-22,2,Internal Medicine,7,18,0.3889
2025-02-23,2,Internal Medicine,6,18,0.3333
2025-02-24,2,Internal Medicine,8,18,0.4444
2025-02-25,2,Internal Medicine,10,18,0.5556
2025-02-26,2,Internal Medicine,10,18,0.5556
2025-02-27,2,Internal Medicine,14,18,0.7778
2025-02-28,2,Internal Medicine,15,18,0.8333
2025-03-01,2,Internal Medicine,13,18,0.7222
2025-03-02,2,Internal Medicine,11,18,0.6111
2025-03-03,2,Internal Medicine,11,18,0.6111
2025-03-04,2,Internal Medicine,14,18,0.7778
2025-03-05,2,Internal Medicine,15,18,0.8333
2025-03-06,2,Internal Medicine,14,18,0.7778
2025-03-07,2,Internal Medicine,14,18,0.7778
2025-03-08,2,Internal Medicine,16,18,0.8889
2025-03-09,2,Internal Medicine,16,18,0.8889
2025-03-10,2,Internal Medicine,15,18,0.8333
2025-03-11,2,Internal Medicine,11,18,0.6111
2025-03-12,2,Internal Medicine,9,18,0.5
2025-03-13,2,Internal Medicine,10,18,0.5556
2025-03-14,2,Internal Medicine,5,18,0.2778
2025-03-15,2,Internal Medicine,8,18,0.4444
2025-03-16,2,Internal Medicine,6,18,0.3333
2025-03-17,2,Internal Medicine,6,18,0.3333
2025-03-18,2,Internal Medicine,10,18,0.5556
2025-03-19,2,Internal Medicine,12,18,0.6667
2025-03-20,2,Internal Medicine,11,18,0.6111
2025-03-21,2,Internal Medicine,10,18,0.5556
2025-03-22,2,Internal Medicine,13,18,0.7222
2025-03-23,2,Internal Medicine,12,18,0.6667
2025-03-24,2,Internal Medicine,11,18,0.6111
2025-03-25,2,Internal Medicine,11,18,0.6111
2025-03-26,2,Internal Medicine,12,18,0.6667
2025-03-27,2,Internal Medicine,13,18,0.7222
2025-03-28,2,Internal Medicine,13,18,0.7222
2025-03-29,2,Internal Medicine,13,18,0.7222
2025-03-30,2,Internal Medicine,14,18,0.7778
2025-03-31,2,Internal Medicine,10,18,0.5556
2025-04-01,2,Internal Medicine,10,18,0.5556
2025-04-02,2,Internal Medicine,12,18,0.6667
2025-04-03,2,Internal Medicine,14,18,0.7778
2025-04-04,2,Internal Medicine,14,18,0.7778
2025-04-05,2,Internal Medicine,10,18,0.5556
2025-04-06,2,Internal Medicine,9,18,0.5
2025-04-07,2,Internal Medicine,11,18,0.6111
2025-04-08,2,Internal Medicine,7,18,0.3889
2025-04-09,2,Internal Medicine,7,18,0.3889
2025-04-10,2,Internal Medicine,8,18,0.4444
2025-04-11,2,Internal Medicine,9,18,0.5
2025-04-12,2,Internal Medicine,11,18,0.6111
2025-04-13,2,Internal Medicine,11,18,0.6111
2025-04-14,2,Internal Medicine,8,18,0.4444
2025-04-15,2,Internal Medicine,9,18,0.5
2025-04-16,2,Internal Medicine,13,18,0.7222
2025-04-17,2,Internal Medicine,17,18,0.9444
2025-04-18,2,Internal Medicine,15,18,0.8333
2025-04-19,2,Internal Medicine,17,18,0.9444
2025-04-20,2,Internal Medicine,18,18,1.0
2025-04-21,2,Internal Medicine,17,18,0.9444
2025-04-22,2,Internal Medicine,15,18,0.8333
2025-04-23,2,Internal Medicine,14,18,0.7778
2025-04-24,2,Internal Medicine,14,18,0.7778
2025-04-25,2,Internal Medicine,18,18,1.0
2025-04-26,2,Internal Medicine,17,18,0.9444
2025-04-27,2,Internal Medicine,16,18,0.8889
2025-04-28,2,Internal Medicine,12,18,0.6667
2025-04-29,2,Internal Medicine,8,18,0.4444
2025-04-30,2,Internal Medicine,8,18,0.4444
2025-05-01,2,Internal Medicine,10,18,0.5556
2025-05-02,2,Internal Medicine,12,18,0.6667
2025-05-03,2,Internal Medicine,13,18,0.7222
2025-05-04,2,Internal Medicine,11,18,0.6111
2025-05-05,2,Internal Medicine,12,18,0.6667
2025-05-06,2,Internal Medicine,12,18,0.6667
2025-05-07,2,Internal Medicine,13,18,0.7222
2025-05-08,2,Internal Medicine,10,18,0.5556
2025-05-09,2,Internal Medicine,10,18,0.5556
2025-05-10,2,Internal Medicine,9,18,0.5
2025-05-11,2,Internal Medicine,10,18,0.5556
2025-05-12,2,Internal Medicine,10,18,0.5556
2025-05-13,2,Internal Medicine,9,18,0.5
2025-05-14,2,Internal Medicine,13,18,0.7222
2025-05-15,2,Internal Medicine,16,18,0.8889
2025-05-16,2,Internal Medicine,13,18,0.7222
2025-05-17,2,Internal Medicine,12,18,0.6667
2025-05-18,2,Internal Medicine,11,18,0.6111
2025-05-19,2,Internal Medicine,11,18,0.6111
2025-05-20,2,Internal Medicine,13,18,0.7222
2025-05-21,2,Internal Medicine,11,18,0.6111
2025-05-22,2,Internal Medicine,11,18,0.6111
2025-05-23,2,Internal Medicine,15,18,0.8333
2025-05-24,2,Internal Medicine,12,18,0.6667
2025-05-25,2,Internal Medicine,11,18,0.6111
2025-05-26,2,Internal Medicine,16,18,0.8889
2025-05-27,2,Internal Medicine,10,18,0.5556
2025-05-28,2,Internal Medicine,8,18,0.4444
2025-05-29,2,Internal Medicine,7,18,0.3889
2025-05-30,2,Internal Medicine,7,18,0.3889
2025-05-31,2,Internal Medicine,10,18,0.5556
2025-06-01,2,Internal Medicine,11,18,0.6111
2025-06-02,2,Internal Medicine,13,18,0.7222
2025-06-03,2,Internal Medicine,14,18,0.7778
2025-06-04,2,Internal Medicine,16,18,0.8889
2025-06-05,2,Internal Medicine,19,18,1.0556
2025-06-06,2,Internal Medicine,16,18,0.8889
2025-06-07,2,Internal Medicine,17,18,0.9444
2025-06-08,2,Internal Medicine,16,18,0.8889
2025-06-09,2,Internal Medicine,14,18,0.7778
2025-06-10,2,Internal Medicine,13,18,0.7222
2025-06-11,2,Internal Medicine,11,18,0.6111
2025-06-12,2,Internal Medicine,10,18,0.5556
2025-06-13,2,Internal Medicine,8,18,0.4444
2025-06-14,2,Internal Medicine,8,18,0.4444
2025-06-15,2,Internal Medicine,11,18,0.6111
2025-06-16,2,Internal Medicine,11,18,0.6111
2025-06-17,2,Internal Medicine,7,18,0.3889
2025-06-18,2,Internal Medicine,10,18,0.5556
2025-06-19,2,Internal Medicine,9,18,0.5
2025-06-20,2,Internal Medicine,12,18,0.6667
2025-06-21,2,Internal Medicine,15,18,0.8333
2025-06-22,2,Internal Medicine,16,18,0.8889
2025-06-23,2,Internal Medicine,15,18,0.8333
2025-06-24,2,Internal Medicine,15,18,0.8333
2025-06-25,2,Internal Medicine,18,18,1.0
2025-06-26,2,Internal Medicine,15,18,0.8333
2025-06-27,2,Internal Medicine,11,18,0.6111
2025-06-28,2,Internal Medicine,10,18,0.5556
2025-06-29,2,Internal Medicine,15,18,0.8333
2025-06-30,2,Internal Medicine,13,18,0.7222
2025-07-01,2,Internal Medicine,15,18,0.8333
2025-07-02,2,Internal Medicine,15,18,0.8333
2025-07-03,2,Internal Medicine,15,18,0.8333
2025-07-04,2,Internal Medicine,13,18,0.7222
2025-07-05,2,Internal Medicine,18,18,1.0
2025-07-06,2,Internal Medicine,18,18,1.0
2025-07-07,2,Internal Medicine,14,18,0.7778
2025-07-08,2,Internal Medicine,16,18,0.8889
2025-07-09,2,Internal Medicine,20,18,1.1111
2025-07-10,2,Internal Medicine,16,18,0.8889
2025-07-11,2,Internal Medicine,13,18,0.7222
2025-07-12,2,Internal Medicine,9,18,0.5
2025-07-13,2,Internal Medicine,12,18,0.6667
2025-07-14,2,Internal Medicine,8,18,0.4444
2025-07-15,2,Internal Medicine,8,18,0.4444
2025-07-16,2,Internal Medicine,6,18,0.3333
2025-07-17,2,Internal Medicine,8,18,0.4444
2025-07-18,2,Internal Medicine,9,18,0.5
2025-07-19,2,Internal Medicine,9,18,0.5
2025-07-20,2,Internal Medicine,10,18,0.5556
2025-07-21,2,Internal Medicine,12,18,0.6667
2025-07-22,2,Internal Medicine,13,18,0.7222
2025-07-23,2,Internal Medicine,13,18,0.7222
2025-07-24,2,Internal Medicine,11,18,0.6111
2025-07-25,2,Internal Medicine,10,18,0.5556
2025-07-26,2,Internal Medicine,12,18,0.6667
2025-07-27,2,Internal Medicine,10,18,0.5556
2025-07-28,2,Internal Medicine,11,18,0.6111
2025-07-29,2,Internal Medicine,16,18,0.8889
2025-07-30,2,Internal Medicine,15,18,0.8333
2025-07-31,2,Internal Medicine,12,18,0.6667
2025-08-01,2,Internal Medicine,13,18,0.7222
2025-08-02,2,Internal Medicine,11,18,0.6111
2025-08-03,2,Internal Medicine,9,18,0.5
2025-08-04,2,Internal Medicine,11,18,0.6111
2025-08-05,2,Internal Medicine,9,18,0.5
2025-08-06,2,Internal Medicine,11,18,0.6111
2025-08-07,2,Internal Medicine,15,18,0.8333
2025-08-08,2,Internal Medicine,14,18,0.7778
2025-08-09,2,Internal Medicine,15,18,0.8333
2025-08-10,2,Internal Medicine,11,18,0.6111
2025-08-11,2,Internal Medicine,12,18,0.6667
2025-08-12,2,Internal Medicine,12,18,0.6667
2025-08-13,2,Internal Medicine,10,18,0.5556
2025-08-14,2,Internal Medicine,10,18,0.5556
2025-08-15,2,Internal Medicine,11,18,0.6111
2025-08-16,2,Internal Medicine,9,18,0.5
2025-08-17,2,Internal Medicine,8,18,0.4444
2025-08-18,2,Internal Medicine,6,18,0.3333
2025-08-19,2,Internal Medicine,12,18,0.6667
2025-08-20,2,Internal Medicine,11,18,0.6111
2025-08-21,2,Internal Medicine,9,18,0.5
2025-08-22,2,Internal Medicine,8,18,0.4444
2025-08-23,2,Internal Medicine,10,18,0.5556
2025-08-24,2,Internal Medicine,12,18,0.6667
2025-08-25,2,Internal Medicine,14,18,0.7778
2025-08-26,2,Internal Medicine,14,18,0.7778
2025-08-27,2,Internal Medicine,14,18,0.7778
2025-08-28,2,Internal Medicine,11,18,0.6111
2025-08-29,2,Internal Medicine,10,18,0.5556
2025-08-30,2,Internal Medicine,11,18,0.6111
2025-08-31,2,Internal Medicine,12,18,0.6667
2025-09-01,2,Internal Medicine,14,18,0.7778
2025-09-02,2,Internal Medicine,15,18,0.8333
2025-09-03,2,Internal Medicine,14,18,0.7778
2025-09-04,2,Internal Medicine,14,18,0.7778
2025-09-05,2,Internal Medicine,16,18,0.8889
2025-09-06,2,Internal Medicine,12,18,0.6667
2025-09-07,2,Internal Medicine,13,18,0.7222
2025-09-08,2,Internal Medicine,10,18,0.5556
2025-09-09,2,Internal Medicine,11,18,0.6111
2025-09-10,2,Internal Medicine,10,18,0.5556
2025-09-11,2,Internal Medicine,10,18,0.5556
2025-09-12,2,Internal Medicine,11,18,0.6111
2025-09-13,2,Internal Medicine,10,18,0.5556
2025-09-14,2,Internal Medicine,10,18,0.5556
2025-09-15,2,Internal Medicine,12,18,0.6667
2025-09-16,2,Internal Medicine,13,18,0.7222
2025-09-17,2,Internal Medicine,15,18,0.8333
2025-09-18,2,Internal Medicine,13,18,0.7222
2025-09-19,2,Internal Medicine,9,18,0.5
2025-09-20,2,Internal Medicine,7,18,0.3889
2025-09-21,2,Internal Medicine,8,18,0.4444
2025-09-22,2,Internal Medicine,8,18,0.4444
2025-09-23,2,Internal Medicine,9,18,0.5
2025-09-24,2,Internal Medicine,10,18,0.5556
2025-09-25,2,Internal Medicine,9,18,0.5
2025-09-26,2,Internal Medicine,10,18,0.5556
2025-09-27,2,Internal Medicine,9,18,0.5
2025-09-28,2,Internal Medicine,12,18,0.6667
2025-09-29,2,Internal Medicine,15,18,0.8333
2025-09-30,2,Internal Medicine,16,18,0.8889
2025-10-01,2,Internal Medicine,16,18,0.8889
2025-10-02,2,Internal Medicine,17,18,0.9444
2025-10-03,2,Internal Medicine,17,18,0.9444
2025-10-04,2,Internal Medicine,16,18,0.8889
2025-10-05,2,Internal Medicine,16,18,0.8889
2025-10-06,2,Internal Medicine,14,18,0.7778
2025-10-07,2,Internal Medicine,13,18,0.7222
2025-10-08,2,Internal Medicine,10,18,0.5556
2025-10-09,2,Internal Medicine,13,18,0.7222
2025-10-10,2,Internal Medicine,12,18,0.6667
2025-10-11,2,Internal Medicine,11,18,0.6111
2025-10-12,2,Internal Medicine,8,18,0.4444
2025-10-13,2,Internal Medicine,11,18,0.6111
2025-10-14,2,Internal Medicine,11,18,0.6111
2025-10-15,2,Internal Medicine,6,18,0.3333
2025-10-16,2,Internal Medicine,8,18,0.4444
2025-10-17,2,Internal Medicine,9,18,0.5
2025-10-18,2,Internal Medicine,8,18,0.4444
2025-10-19,2,Internal Medicine,7,18,0.3889
2025-10-20,2,Internal Medicine,7,18,0.3889
2025-10-21,2,Internal Medicine,9,18,0.5
2025-10-22,2,Internal Medicine,8,18,0.4444
2025-10-23,2,Internal Medicine,9,18,0.5
2025-10-24,2,Internal Medicine,13,18,0.7222
2025-10-25,2,Internal Medicine,10,18,0.5556
2025-10-26,2,Internal Medicine,11,18,0.6111
2025-10-27,2,Internal Medicine,14,18,0.7778
2025-10-28,2,Internal Medicine,12,18,0.6667
2025-10-29,2,Internal Medicine,13,18,0.7222
2025-10-30,2,Internal Medicine,14,18,0.7778
2025-10-31,2,Internal Medicine,19,18,1.0556
2025-11-01,2,Internal Medicine,17,18,0.9444
2025-11-02,2,Internal Medicine,17,18,0.9444
2025-11-03,2,Internal Medicine,13,18,0.7222
2025-11-04,2,Internal Medicine,11,18,0.6111
2025-11-05,2,Internal Medicine,15,18,0.8333
2025-11-06,2,Internal Medicine,17,18,0.9444
2025-11-07,2,Internal Medicine,14,18,0.7778
2025-11-08,2,Internal Medicine,23,18,1.2778
2025-11-09,2,Internal Medicine,17,18,0.9444
2025-11-10,2,Internal Medicine,18,18,1.0
2025-11-11,2,Internal Medicine,20,18,1.1111
2025-11-12,2,Internal Medicine,18,18,1.0
2025-11-13,2,Internal Medicine,14,18,0.7778
2025-11-14,2,Internal Medicine,15,18,0.8333
2025-11-15,2,Internal Medicine,11,18,0.6111
2025-11-16,2,Internal Medicine,9,18,0.5
2025-11-17,2,Internal Medicine,12,18,0.6667
2025-11-18,2,Internal Medicine,11,18,0.6111
2025-11-19,2,Internal Medicine,8,18,0.4444
2025-11-20,2,Internal Medicine,7,18,0.3889
2025-11-21,2,Internal Medicine,7,18,0.3889
2025-11-22,2,Internal Medicine,7,18,0.3889
2025-11-23,2,Internal Medicine,8,18,0.4444
2025-11-24,2,Internal Medicine,7,18,0.3889
2025-11-25,2,Internal Medicine,11,18,0.6111
2025-11-26,2,Internal Medicine,16,18,0.8889
2025-11-27,2,Internal Medicine,14,18,0.7778
2025-11-28,2,Internal Medicine,14,18,0.7778
2025-11-29,2,Internal Medicine,14,18,0.7778
2025-11-30,2,Internal Medicine,16,18,0.8889
2025-12-01,2,Internal Medicine,15,18,0.8333
2025-12-02,2,Internal Medicine,13,18,0.7222
2025-12-03,2,Internal Medicine,15,18,0.8333
2025-12-04,2,Internal Medicine,18,18,1.0
2025-12-05,2,Internal Medicine,16,18,0.8889
2025-12-06,2,Internal Medicine,17,18,0.9444
2025-12-07,2,Internal Medicine,19,18,1.0556
2025-12-08,2,Internal Medicine,15,18,0.8333
2025-12-09,2,Internal Medicine,11,18,0.6111
2025-12-10,2,Internal Medicine,11,18,0.6111
2025-12-11,2,Internal Medicine,10,18,0.5556
2025-12-12,2,Internal Medicine,14,18,0.7778
2025-12-13,2,Internal Medicine,14,18,0.7778
2025-12-14,2,Internal Medicine,13,18,0.7222
2025-12-15,2,Internal Medicine,11,18,0.6111
2025-12-16,2,Internal Medicine,11,18,0.6111
2025-12-17,2,Internal Medicine,11,18,0.6111
2025-12-18,2,Internal Medicine,14,18,0.7778
2025-12-19,2,Internal Medicine,18,18,1.0
2025-12-20,2,Internal Medicine,16,18,0.8889
2025-12-21,2,Internal Medicine,19,18,1.0556
2025-12-22,2,Internal Medicine,19,18,1.0556
2025-12-23,2,Internal Medicine,17,18,0.9444
2025-12-24,2,Internal Medicine,13,18,0.7222
2025-12-25,2,Internal Medicine,15,18,0.8333
2025-12-26,2,Internal Medicine,12,18,0.6667
2025-12-27,2,Internal Medicine,10,18,0.5556
2025-12-28,2,Internal Medicine,10,18,0.5556
2025-12-29,2,Internal Medicine,10,18,0.5556
2025-12-30,2,Internal Medicine,9,18,0.5
2025-12-31,2,Internal Medicine,11,18,0.6111
2026-01-01,2,Internal Medicine,12,18,0.6667
2026-01-02,2,Internal Medicine,15,18,0.8333
2026-01-03,2,Internal Medicine,11,18,0.6111
2026-01-04,2,Internal Medicine,14,18,0.7778
2026-01-05,2,Internal Medicine,13,18,0.7222
2026-01-06,2,Internal Medicine,12,18,0.6667
2026-01-07,2,Internal Medicine,12,18,0.6667
2026-01-08,2,Internal Medicine,13,18,0.7222
2026-01-09,2,Internal Medicine,15,18,0.8333
2026-01-10,2,Internal Medicine,15,18,0.8333
2026-01-11,2,Internal Medicine,14,18,0.7778
2026-01-12,2,Internal Medicine,15,18,0.8333
2026-01-13,2,Internal Medicine,11,18,0.6111
2026-01-14,2,Internal Medicine,16,18,0.8889
2026-01-15,2,Internal Medicine,14,18,0.7778
2026-01-16,2,Internal Medicine,10,18,0.5556
2026-01-17,2,Internal Medicine,14,18,0.7778
2026-01-18,2,Internal Medicine,13,18,0.7222
2026-01-19,2,Internal Medicine,14,18,0.7778
2026-01-20,2,Internal Medicine,15,18,0.8333
2026-01-21,2,Internal Medicine,15,18,0.8333
2026-01-22,2,Internal Medicine,16,18,0.8889
2026-01-23,2,Internal Medicine,13,18,0.7222
2026-01-24,2,Internal Medicine,10,18,0.5556
2026-01-25,2,Internal Medicine,10,18,0.5556
2026-01-26,2,Internal Medicine,12,18,0.6667
2026-01-27,2,Internal Medicine,13,18,0.7222
2026-01-28,2,Internal Medicine,14,18,0.7778
2026-01-29,2,Internal Medicine,12,18,0.6667
2026-01-30,2,Internal Medicine,11,18,0.6111
2026-01-31,2,Internal Medicine,13,18,0.7222
2026-02-01,2,Internal Medicine,15,18,0.8333
2026-02-02,2,Internal Medicine,13,18,0.7222
2026-02-03,2,Internal Medicine,10,18,0.5556
2026-02-04,2,Internal Medicine,9,18,0.5
2026-02-05,2,Internal Medicine,6,18,0.3333
2026-02-06,2,Internal Medicine,8,18,0.4444
2026-02-07,2,Internal Medicine,13,18,0.7222
2026-02-08,2,Internal Medicine,13,18,0.7222
2026-02-09,2,Internal Medicine,11,18,0.6111
2026-02-10,2,Internal Medicine,12,18,0.6667
2026-02-11,2,Internal Medicine,16,18,0.8889
2026-02-12,2,Internal Medicine,14,18,0.7778
2026-02-13,2,Internal Medicine,12,18,0.6667
2026-02-14,2,Internal Medicine,10,18,0.5556
2026-02-15,2,Internal Medicine,10,18,0.5556
2026-02-16,2,Internal Medicine,14,18,0.7778
2026-02-17,2,Internal Medicine,15,18,0.8333
2026-02-18,2,Internal Medicine,12,18,0.6667
2026-02-19,2,Internal Medicine,12,18,0.6667
2026-02-20,2,Internal Medicine,12,18,0.6667
2026-02-21,2,Internal Medicine,13,18,0.7222
2026-02-22,2,Internal Medicine,12,18,0.6667
2026-02-23,2,Internal Medicine,10,18,0.5556
2026-02-24,2,Internal Medicine,9,18,0.5
2026-02-25,2,Internal Medicine,12,18,0.6667
2026-02-26,2,Internal Medicine,12,18,0.6667
2026-02-27,2,Internal Medicine,14,18,0.7778
2026-02-28,2,Internal Medicine,13,18,0.7222
2026-03-01,2,Internal Medicine,12,18,0.6667
2026-03-02,2,Internal Medicine,10,18,0.5556
2026-03-03,2,Internal Medicine,11,18,0.6111
2026-03-04,2,Internal Medicine,11,18,0.6111
2026-03-05,2,Internal Medicine,13,18,0.7222
2026-03-06,2,Internal Medicine,9,18,0.5
2026-03-07,2,Internal Medicine,8,18,0.4444
2026-03-08,2,Internal Medicine,13,18,0.7222
2026-03-09,2,Internal Medicine,17,18,0.9444
2026-03-10,2,Internal Medicine,16,18,0.8889
2026-03-11,2,Internal Medicine,13,18,0.7222
2026-03-12,2,Internal Medicine,14,18,0.7778
2026-03-13,2,Internal Medicine,14,18,0.7778
2026-03-14,2,Internal Medicine,13,18,0.7222
2026-03-15,2,Internal Medicine,11,18,0.6111
2026-03-16,2,Internal Medicine,12,18,0.6667
2026-03-17,2,Internal Medicine,13,18,0.7222
2026-03-18,2,Internal Medicine,11,18,0.6111
2026-03-19,2,Internal Medicine,10,18,0.5556
2026-03-20,2,Internal Medicine,10,18,0.5556
2026-03-21,2,Internal Medicine,10,18,0.5556
2026-03-22,2,Internal Medicine,10,18,0.5556
2026-03-23,2,Internal Medicine,11,18,0.6111
2026-03-24,2,Internal Medicine,14,18,0.7778
2026-03-25,2,Internal Medicine,9,18,0.5
2026-03-26,2,Internal Medicine,10,18,0.5556
2026-03-27,2,Internal Medicine,7,18,0.3889
2026-03-28,2,Internal Medicine,8,18,0.4444
2026-03-29,2,Internal Medicine,11,18,0.6111
2026-03-30,2,Internal Medicine,11,18,0.6111
2026-03-31,2,Internal Medicine,9,18,0.5
2026-04-01,2,Internal Medicine,11,18,0.6111
2026-04-02,2,Internal Medicine,14,18,0.7778
2026-04-03,2,Internal Medicine,11,18,0.6111
2026-04-04,2,Internal Medicine,11,18,0.6111
2026-04-05,2,Internal Medicine,10,18,0.5556
2026-04-06,2,Internal Medicine,9,18,0.5
2026-04-07,2,Internal Medicine,9,18,0.5
2026-04-08,2,Internal Medicine,12,18,0.6667
2026-04-09,2,Internal Medicine,13,18,0.7222
2026-04-10,2,Internal Medicine,13,18,0.7222
2026-04-11,2,Internal Medicine,10,18,0.5556
2026-04-12,2,Internal Medicine,15,18,0.8333
2026-04-13,2,Internal Medicine,12,18,0.6667
2026-04-14,2,Internal Medicine,10,18,0.5556
2026-04-15,2,Internal Medicine,12,18,0.6667
2026-04-16,2,Internal Medicine,14,18,0.7778
2026-04-17,2,Internal Medicine,12,18,0.6667
2026-04-18,2,Internal Medicine,10,18,0.5556
2026-04-19,2,Internal Medicine,10,18,0.5556
2026-04-20,2,Internal Medicine,15,18,0.8333
2026-04-21,2,Internal Medicine,16,18,0.8889
2026-04-22,2,Internal Medicine,18,18,1.0
2026-04-23,2,Internal Medicine,19,18,1.0556
2026-04-24,2,Internal Medicine,18,18,1.0
2026-04-25,2,Internal Medicine,20,18,1.1111
2026-04-26,2,Internal Medicine,21,18,1.1667
2026-04-27,2,Internal Medicine,22,18,1.2222
2026-04-28,2,Internal Medicine,20,18,1.1111
2026-04-29,2,Internal Medicine,20,18,1.1111
2026-04-30,2,Internal Medicine,19,18,1.0556
2026-05-01,2,Internal Medicine,15,18,0.8333
2026-05-02,2,Internal Medicine,13,18,0.7222
2026-05-03,2,Internal Medicine,11,18,0.6111
2026-05-04,2,Internal Medicine,9,18,0.5
2026-05-05,2,Internal Medicine,11,18,0.6111
2026-05-06,2,Internal Medicine,9,18,0.5
2026-05-07,2,Internal Medicine,10,18,0.5556
2026-05-08,2,Internal Medicine,13,18,0.7222
2026-05-09,2,Internal Medicine,12,18,0.6667
2026-05-10,2,Internal Medicine,15,18,0.8333
2026-05-11,2,Internal Medicine,13,18,0.7222
2026-05-12,2,Internal Medicine,14,18,0.7778
2026-05-13,2,Internal Medicine,14,18,0.7778
2026-05-14,2,Internal Medicine,14,18,0.7778
2026-05-15,2,Internal Medicine,14,18,0.7778
2026-05-16,2,Internal Medicine,14,18,0.7778
2026-05-17,2,Internal Medicine,15,18,0.8333
2026-05-18,2,Internal Medicine,15,18,0.8333
2026-05-19,2,Internal Medicine,16,18,0.8889
2026-05-20,2,Internal Medicine,15,18,0.8333
2026-05-21,2,Internal Medicine,16,18,0.8889
2026-05-22,2,Internal Medicine,15,18,0.8333
2026-05-23,2,Internal Medicine,16,18,0.8889
2026-05-24,2,Internal Medicine,17,18,0.9444
2026-05-25,2,Internal Medicine,13,18,0.7222
2026-05-26,2,Internal Medicine,14,18,0.7778
2026-05-27,2,Internal Medicine,13,18,0.7222
2026-05-28,2,Internal Medicine,13,18,0.7222
2026-05-29,2,Internal Medicine,12,18,0.6667
2026-05-30,2,Internal Medicine,12,18,0.6667
2026-05-31,2,Internal Medicine,12,18,0.6667
2026-06-01,2,Internal Medicine,14,18,0.7778
2026-06-02,2,Internal Medicine,17,18,0.9444
2026-06-03,2,Internal Medicine,17,18,0.9444
2026-06-04,2,Internal Medicine,12,18,0.6667
2026-06-05,2,Internal Medicine,10,18,0.5556
2026-06-06,2,Internal Medicine,10,18,0.5556
2026-06-07,2,Internal Medicine,14,18,0.7778
2026-06-08,2,Internal Medicine,19,18,1.0556
2026-06-09,2,Internal Medicine,17,18,0.9444
2026-06-10,2,Internal Medicine,14,18,0.7778
2026-06-11,2,Internal Medicine,14,18,0.7778
2026-06-12,2,Internal Medicine,12,18,0.6667
2026-06-13,2,Internal Medicine,13,18,0.7222
2026-06-14,2,Internal Medicine,13,18,0.7222
2026-06-15,2,Internal Medicine,13,18,0.7222
2026-06-16,2,Internal Medicine,12,18,0.6667
2026-06-17,2,Internal Medicine,11,18,0.6111
2026-06-18,2,Internal Medicine,9,18,0.5
2026-06-19,2,Internal Medicine,10,18,0.5556
2026-06-20,2,Internal Medicine,11,18,0.6111
2026-06-21,2,Internal Medicine,9,18,0.5
2026-06-22,2,Internal Medicine,10,18,0.5556
2026-06-23,2,Internal Medicine,13,18,0.7222
2026-06-24,2,Internal Medicine,14,18,0.7778
2026-06-25,2,Internal Medicine,17,18,0.9444
2026-06-26,2,Internal Medicine,14,18,0.7778
2026-06-27,2,Internal Medicine,12,18,0.6667
2026-06-28,2,Internal Medicine,14,18,0.7778
2026-06-29,2,Internal Medicine,13,18,0.7222
2026-06-30,2,Internal Medicine,11,18,0.6111
2026-07-01,2,Internal Medicine,10,18,0.5556
2026-07-02,2,Internal Medicine,11,18,0.6111
2026-07-03,2,Internal Medicine,12,18,0.6667
2026-07-04,2,Internal Medicine,10,18,0.5556
2026-07-05,2,Internal Medicine,12,18,0.6667
2026-07-06,2,Internal Medicine,16,18,0.8889
2026-07-07,2,Internal Medicine,11,18,0.6111
2026-07-08,2,Internal Medicine,10,18,0.5556
2026-07-09,2,Internal Medicine,11,18,0.6111
2026-07-10,2,Internal Medicine,12,18,0.6667
2026-07-11,2,Internal Medicine,9,18,0.5
2026-07-12,2,Internal Medicine,14,18,0.7778
2026-07-13,2,Internal Medicine,12,18,0.6667
2026-07-14,2,Internal Medicine,11,18,0.6111
2026-07-15,2,Internal Medicine,11,18,0.6111
2026-07-16,2,Internal Medicine,14,18,0.7778
2026-07-17,2,Internal Medicine,17,18,0.9444
2026-07-18,2,Internal Medicine,14,18,0.7778
2026-07-19,2,Internal Medicine,10,18,0.5556
2026-07-20,2,Internal Medicine,10,18,0.5556
2026-07-21,2,Internal Medicine,8,18,0.4444
2026-07-22,2,Internal Medicine,9,18,0.5
2026-07-23,2,Internal Medicine,10,18,0.5556
2026-07-24,2,Internal Medicine,11,18,0.6111
2026-07-25,2,Internal Medicine,8,18,0.4444
2026-07-26,2,Internal Medicine,8,18,0.4444
2026-07-27,2,Internal Medicine,7,18,0.3889
2026-07-28,2,Internal Medicine,7,18,0.3889
2026-07-29,2,Internal Medicine,9,18,0.5
2026-07-30,2,Internal Medicine,7,18,0.3889
2026-07-31,2,Internal Medicine,10,18,0.5556
2026-08-01,2,Internal Medicine,9,18,0.5
2026-08-02,2,Internal Medicine,9,18,0.5
2026-08-03,2,Internal Medicine,10,18,0.5556
2026-08-04,2,Internal Medicine,9,18,0.5
2026-08-05,2,Internal Medicine,8,18,0.4444
2026-08-06,2,Internal Medicine,13,18,0.7222
2026-08-07,2,Internal Medicine,14,18,0.7778
2026-08-08,2,Internal Medicine,16,18,0.8889
2026-08-09,2,Internal Medicine,15,18,0.8333
2026-08-10,2,Internal Medicine,12,18,0.6667
2026-08-11,2,Internal Medicine,10,18,0.5556
2026-08-12,2,Internal Medicine,9,18,0.5
2026-08-13,2,Internal Medicine,6,18,0.3333
2026-08-14,2,Internal Medicine,8,18,0.4444
2026-08-15,2,Internal Medicine,6,18,0.3333
2026-08-16,2,Internal Medicine,10,18,0.5556
2026-08-17,2,Internal Medicine,9,18,0.5
2026-08-18,2,Internal Medicine,10,18,0.5556
2026-08-19,2,Internal Medicine,9,18,0.5
2026-08-20,2,Internal Medicine,10,18,0.5556
2026-08-21,2,Internal Medicine,13,18,0.7222
2026-08-22,2,Internal Medicine,16,18,0.8889
2026-08-23,2,Internal Medicine,15,18,0.8333
2026-08-24,2,Internal Medicine,15,18,0.8333
2026-08-25,2,Internal Medicine,14,18,0.7778
2026-08-26,2,Internal Medicine,15,18,0.8333
2026-08-27,2,Internal Medicine,16,18,0.8889
2026-08-28,2,Internal Medicine,14,18,0.7778
2026-08-29,2,Internal Medicine,11,18,0.6111
2026-08-30,2,Internal Medicine,9,18,0.5
2026-08-31,2,Internal Medicine,15,18,0.8333
2024-01-01,3,Surgery,1,12,0.0833
2024-01-02,3,Surgery,3,12,0.25
2024-01-03,3,Surgery,3,12,0.25
2024-01-04,3,Surgery,3,12,0.25
2024-01-05,3,Surgery,4,12,0.3333
2024-01-06,3,Surgery,2,12,0.1667
2024-01-07,3,Surgery,4,12,0.3333
2024-01-08,3,Surgery,5,12,0.4167
2024-01-09,3,Surgery,5,12,0.4167
2024-01-10,3,Surgery,5,12,0.4167
2024-01-11,3,Surgery,5,12,0.4167
2024-01-12,3,Surgery,6,12,0.5
2024-01-13,3,Surgery,6,12,0.5
2024-01-14,3,Surgery,5,12,0.4167
2024-01-15,3,Surgery,6,12,0.5
2024-01-16,3,Surgery,3,12,0.25
2024-01-17,3,Surgery,7,12,0.5833
2024-01-18,3,Surgery,8,12,0.6667
2024-01-19,3,Surgery,7,12,0.5833
2024-01-20,3,Surgery,8,12,0.6667
2024-01-21,3,Surgery,7,12,0.5833
2024-01-22,3,Surgery,9,12,0.75
2024-01-23,3,Surgery,7,12,0.5833
2024-01-24,3,Surgery,4,12,0.3333
2024-01-25,3,Surgery,3,12,0.25
2024-01-26,3,Surgery,5,12,0.4167
2024-01-27,3,Surgery,6,12,0.5
2024-01-28,3,Surgery,6,12,0.5
2024-01-29,3,Surgery,4,12,0.3333
2024-01-30,3,Surgery,3,12,0.25
2024-01-31,3,Surgery,2,12,0.1667
2024-02-01,3,Surgery,3,12,0.25
2024-02-02,3,Surgery,5,12,0.4167
2024-02-03,3,Surgery,5,12,0.4167
2024-02-04,3,Surgery,5,12,0.4167
2024-02-05,3,Surgery,7,12,0.5833
2024-02-06,3,Surgery,8,12,0.6667
2024-02-07,3,Surgery,12,12,1.0
2024-02-08,3,Surgery,12,12,1.0
2024-02-09,3,Surgery,9,12,0.75
2024-02-10,3,Surgery,6,12,0.5
2024-02-11,3,Surgery,5,12,0.4167
2024-02-12,3,Surgery,4,12,0.3333
2024-02-13,3,Surgery,5,12,0.4167
2024-02-14,3,Surgery,4,12,0.3333
2024-02-15,3,Surgery,4,12,0.3333
2024-02-16,3,Surgery,4,12,0.3333
2024-02-17,3,Surgery,6,12,0.5
2024-02-18,3,Surgery,7,12,0.5833
2024-02-19,3,Surgery,9,12,0.75
2024-02-20,3,Surgery,11,12,0.9167
2024-02-21,3,Surgery,12,12,1.0
2024-02-22,3,Surgery,11,12,0.9167
2024-02-23,3,Surgery,12,12,1.0
2024-02-24,3,Surgery,10,12,0.8333
2024-02-25,3,Surgery,9,12,0.75
2024-02-26,3,Surgery,8,12,0.6667
2024-02-27,3,Surgery,8,12,0.6667
2024-02-28,3,Surgery,9,12,0.75
2024-02-29,3,Surgery,6,12,0.5
2024-03-01,3,Surgery,5,12,0.4167
2024-03-02,3,Surgery,4,12,0.3333
2024-03-03,3,Surgery,5,12,0.4167
2024-03-04,3,Surgery,5,12,0.4167
2024-03-05,3,Surgery,6,12,0.5
2024-03-06,3,Surgery,6,12,0.5
2024-03-07,3,Surgery,6,12,0.5
2024-03-08,3,Surgery,7,12,0.5833
2024-03-09,3,Surgery,6,12,0.5
2024-03-10,3,Surgery,7,12,0.5833
2024-03-11,3,Surgery,5,12,0.4167
2024-03-12,3,Surgery,5,12,0.4167
2024-03-13,3,Surgery,6,12,0.5
2024-03-14,3,Surgery,4,12,0.3333
2024-03-15,3,Surgery,5,12,0.4167
2024-03-16,3,Surgery,8,12,0.6667
2024-03-17,3,Surgery,8,12,0.6667
2024-03-18,3,Surgery,8,12,0.6667
2024-03-19,3,Surgery,9,12,0.75
2024-03-20,3,Surgery,10,12,0.8333
2024-03-21,3,Surgery,9,12,0.75
2024-03-22,3,Surgery,9,12,0.75
2024-03-23,3,Surgery,12,12,1.0
2024-03-24,3,Surgery,9,12,0.75
2024-03-25,3,Surgery,12,12,1.0
2024-03-26,3,Surgery,10,12,0.8333
2024-03-27,3,Surgery,10,12,0.8333
2024-03-28,3,Surgery,10,12,0.8333
2024-03-29,3,Surgery,12,12,1.0
2024-03-30,3,Surgery,11,12,0.9167
2024-03-31,3,Surgery,10,12,0.8333
2024-04-01,3,Surgery,11,12,0.9167
2024-04-02,3,Surgery,10,12,0.8333
2024-04-03,3,Surgery,5,12,0.4167
2024-04-04,3,Surgery,5,12,0.4167
2024-04-05,3,Surgery,4,12,0.3333
2024-04-06,3,Surgery,5,12,0.4167
2024-04-07,3,Surgery,5,12,0.4167
2024-04-08,3,Surgery,6,12,0.5
2024-04-09,3,Surgery,6,12,0.5
2024-04-10,3,Surgery,8,12,0.6667
2024-04-11,3,Surgery,9,12,0.75
2024-04-12,3,Surgery,11,12,0.9167
2024-04-13,3,Surgery,11,12,0.9167
2024-04-14,3,Surgery,8,12,0.6667
2024-04-15,3,Surgery,10,12,0.8333
2024-04-16,3,Surgery,8,12,0.6667
2024-04-17,3,Surgery,7,12,0.5833
2024-04-18,3,Surgery,7,12,0.5833
2024-04-19,3,Surgery,7,12,0.5833
2024-04-20,3,Surgery,7,12,0.5833
2024-04-21,3,Surgery,6,12,0.5
2024-04-22,3,Surgery,6,12,0.5
2024-04-23,3,Surgery,5,12,0.4167
2024-04-24,3,Surgery,7,12,0.5833
2024-04-25,3,Surgery,9,12,0.75
2024-04-26,3,Surgery,9,12,0.75
2024-04-27,3,Surgery,8,12,0.6667
2024-04-28,3,Surgery,7,12,0.5833
2024-04-29,3,Surgery,9,12,0.75
2024-04-30,3,Surgery,8,12,0.6667
2024-05-01,3,Surgery,6,12,0.5
2024-05-02,3,Surgery,10,12,0.8333
2024-05-03,3,Surgery,9,12,0.75
2024-05-04,3,Surgery,12,12,1.0
2024-05-05,3,Surgery,10,12,0.8333
2024-05-06,3,Surgery,11,12,0.9167
2024-05-07,3,Surgery,12,12,1.0
2024-05-08,3,Surgery,11,12,0.9167
2024-05-09,3,Surgery,10,12,0.8333
2024-05-10,3,Surgery,11,12,0.9167
2024-05-11,3,Surgery,8,12,0.6667
2024-05-12,3,Surgery,9,12,0.75
2024-05-13,3,Surgery,8,12,0.6667
2024-05-14,3,Surgery,6,12,0.5
2024-05-15,3,Surgery,8,12,0.6667
2024-05-16,3,Surgery,7,12,0.5833
2024-05-17,3,Surgery,4,12,0.3333
2024-05-18,3,Surgery,4,12,0.3333
2024-05-19,3,Surgery,7,12,0.5833
2024-05-20,3,Surgery,10,12,0.8333
2024-05-21,3,Surgery,7,12,0.5833
2024-05-22,3,Surgery,10,12,0.8333
2024-05-23,3,Surgery,10,12,0.8333
2024-05-24,3,Surgery,6,12,0.5
2024-05-25,3,Surgery,7,12,0.5833
2024-05-26,3,Surgery,7,12,0.5833
2024-05-27,3,Surgery,7,12,0.5833
2024-05-28,3,Surgery,7,12,0.5833
2024-05-29,3,Surgery,6,12,0.5
2024-05-30,3,Surgery,8,12,0.6667
2024-05-31,3,Surgery,8,12,0.6667
2024-06-01,3,Surgery,8,12,0.6667
2024-06-02,3,Surgery,6,12,0.5
2024-06-03,3,Surgery,4,12,0.3333
2024-06-04,3,Surgery,6,12,0.5
2024-06-05,3,Surgery,5,12,0.4167
2024-06-06,3,Surgery,5,12,0.4167
2024-06-07,3,Surgery,6,12,0.5
2024-06-08,3,Surgery,7,12,0.5833
2024-06-09,3,Surgery,8,12,0.6667
2024-06-10,3,Surgery,10,12,0.8333
2024-06-11,3,Surgery,11,12,0.9167
2024-06-12,3,Surgery,9,12,0.75
2024-06-13,3,Surgery,11,12,0.9167
2024-06-14,3,Surgery,10,12,0.8333
2024-06-15,3,Surgery,10,12,0.8333
2024-06-16,3,Surgery,7,12,0.5833
2024-06-17,3,Surgery,10,12,0.8333
2024-06-18,3,Surgery,9,12,0.75
2024-06-19,3,Surgery,7,12,0.5833
2024-06-20,3,Surgery,7,12,0.5833
2024-06-21,3,Surgery,5,12,0.4167
2024-06-22,3,Surgery,8,12,0.6667
2024-06-23,3,Surgery,7,12,0.5833
2024-06-24,3,Surgery,9,12,0.75
2024-06-25,3,Surgery,5,12,0.4167
2024-06-26,3,Surgery,6,12,0.5
2024-06-27,3,Surgery,6,12,0.5
2024-06-28,3,Surgery,5,12,0.4167
2024-06-29,3,Surgery,7,12,0.5833
2024-06-30,3,Surgery,11,12,0.9167
2024-07-01,3,Surgery,14,12,1.1667
2024-07-02,3,Surgery,12,12,1.0
2024-07-03,3,Surgery,10,12,0.8333
2024-07-04,3,Surgery,9,12,0.75
2024-07-05,3,Surgery,9,12,0.75
2024-07-06,3,Surgery,10,12,0.8333
2024-07-07,3,Surgery,10,12,0.8333
2024-07-08,3,Surgery,7,12,0.5833
2024-07-09,3,Surgery,8,12,0.6667
2024-07-10,3,Surgery,10,12,0.8333
2024-07-11,3,Surgery,11,12,0.9167
2024-07-12,3,Surgery,8,12,0.6667
2024-07-13,3,Surgery,8,12,0.6667
2024-07-14,3,Surgery,9,12,0.75
2024-07-15,3,Surgery,7,12,0.5833
2024-07-16,3,Surgery,6,12,0.5
2024-07-17,3,Surgery,7,12,0.5833
2024-07-18,3,Surgery,8,12,0.6667
2024-07-19,3,Surgery,8,12,0.6667
2024-07-20,3,Surgery,10,12,0.8333
2024-07-21,3,Surgery,8,12,0.6667
2024-07-22,3,Surgery,9,12,0.75
2024-07-23,3,Surgery,11,12,0.9167
2024-07-24,3,Surgery,9,12,0.75
2024-07-25,3,Surgery,6,12,0.5
2024-07-26,3,Surgery,8,12,0.6667
2024-07-27,3,Surgery,8,12,0.6667
2024-07-28,3,Surgery,7,12,0.5833
2024-07-29,3,Surgery,8,12,0.6667
2024-07-30,3,Surgery,10,12,0.8333
2024-07-31,3,Surgery,13,12,1.0833
2024-08-01,3,Surgery,12,12,1.0
2024-08-02,3,Surgery,13,12,1.0833
2024-08-03,3,Surgery,8,12,0.6667
2024-08-04,3,Surgery,8,12,0.6667
2024-08-05,3,Surgery,5,12,0.4167
2024-08-06,3,Surgery,8,12,0.6667
2024-08-07,3,Surgery,7,12,0.5833
2024-08-08,3,Surgery,8,12,0.6667
2024-08-09,3,Surgery,6,12,0.5
2024-08-10,3,Surgery,5,12,0.4167
2024-08-11,3,Surgery,6,12,0.5
2024-08-12,3,Surgery,6,12,0.5
2024-08-13,3,Surgery,8,12,0.6667
2024-08-14,3,Surgery,7,12,0.5833
2024-08-15,3,Surgery,7,12,0.5833
2024-08-16,3,Surgery,7,12,0.5833
2024-08-17,3,Surgery,13,12,1.0833
2024-08-18,3,Surgery,12,12,1.0
2024-08-19,3,Surgery,10,12,0.8333
2024-08-20,3,Surgery,9,12,0.75
2024-08-21,3,Surgery,11,12,0.9167
2024-08-22,3,Surgery,8,12,0.6667
2024-08-23,3,Surgery,7,12,0.5833
2024-08-24,3,Surgery,5,12,0.4167
2024-08-25,3,Surgery,5,12,0.4167
2024-08-26,3,Surgery,5,12,0.4167
2024-08-27,3,Surgery,7,12,0.5833
2024-08-28,3,Surgery,5,12,0.4167
2024-08-29,3,Surgery,3,12,0.25
2024-08-30,3,Surgery,1,12,0.0833
2024-08-31,3,Surgery,3,12,0.25
2024-09-01,3,Surgery,2,12,0.1667
2024-09-02,3,Surgery,2,12,0.1667
2024-09-03,3,Surgery,1,12,0.0833
2024-09-04,3,Surgery,2,12,0.1667
2024-09-05,3,Surgery,3,12,0.25
2024-09-06,3,Surgery,4,12,0.3333
2024-09-07,3,Surgery,8,12,0.6667
2024-09-08,3,Surgery,4,12,0.3333
2024-09-09,3,Surgery,6,12,0.5
2024-09-10,3,Surgery,8,12,0.6667
2024-09-11,3,Surgery,8,12,0.6667
2024-09-12,3,Surgery,6,12,0.5
2024-09-13,3,Surgery,7,12,0.5833
2024-09-14,3,Surgery,6,12,0.5
2024-09-15,3,Surgery,4,12,0.3333
2024-09-16,3,Surgery,3,12,0.25
2024-09-17,3,Surgery,7,12,0.5833
2024-09-18,3,Surgery,6,12,0.5
2024-09-19,3,Surgery,7,12,0.5833
2024-09-20,3,Surgery,4,12,0.3333
2024-09-21,3,Surgery,7,12,0.5833
2024-09-22,3,Surgery,7,12,0.5833
2024-09-23,3,Surgery,7,12,0.5833
2024-09-24,3,Surgery,5,12,0.4167
2024-09-25,3,Surgery,3,12,0.25
2024-09-26,3,Surgery,8,12,0.6667
2024-09-27,3,Surgery,9,12,0.75
2024-09-28,3,Surgery,9,12,0.75
2024-09-29,3,Surgery,11,12,0.9167
2024-09-30,3,Surgery,12,12,1.0
2024-10-01,3,Surgery,13,12,1.0833
2024-10-02,3,Surgery,8,12,0.6667
2024-10-03,3,Surgery,6,12,0.5
2024-10-04,3,Surgery,7,12,0.5833
2024-10-05,3,Surgery,9,12,0.75
2024-10-06,3,Surgery,9,12,0.75
2024-10-07,3,Surgery,6,12,0.5
2024-10-08,3,Surgery,7,12,0.5833
2024-10-09,3,Surgery,6,12,0.5
2024-10-10,3,Surgery,7,12,0.5833
2024-10-11,3,Surgery,8,12,0.6667
2024-10-12,3,Surgery,8,12,0.6667
2024-10-13,3,Surgery,7,12,0.5833
2024-10-14,3,Surgery,5,12,0.4167
2024-10-15,3,Surgery,5,12,0.4167
2024-10-16,3,Surgery,6,12,0.5
2024-10-17,3,Surgery,4,12,0.3333
2024-10-18,3,Surgery,5,12,0.4167
2024-10-19,3,Surgery,6,12,0.5
2024-10-20,3,Surgery,9,12,0.75
2024-10-21,3,Surgery,8,12,0.6667
2024-10-22,3,Surgery,8,12,0.6667
2024-10-23,3,Surgery,9,12,0.75
2024-10-24,3,Surgery,9,12,0.75
2024-10-25,3,Surgery,8,12,0.6667
2024-10-26,3,Surgery,8,12,0.6667
2024-10-27,3,Surgery,10,12,0.8333
2024-10-28,3,Surgery,8,12,0.6667
2024-10-29,3,Surgery,12,12,1.0
2024-10-30,3,Surgery,12,12,1.0
2024-10-31,3,Surgery,14,12,1.1667
2024-11-01,3,Surgery,14,12,1.1667
2024-11-02,3,Surgery,11,12,0.9167
2024-11-03,3,Surgery,10,12,0.8333
2024-11-04,3,Surgery,8,12,0.6667
2024-11-05,3,Surgery,6,12,0.5
2024-11-06,3,Surgery,6,12,0.5
2024-11-07,3,Surgery,5,12,0.4167
2024-11-08,3,Surgery,5,12,0.4167
2024-11-09,3,Surgery,4,12,0.3333
2024-11-10,3,Surgery,4,12,0.3333
2024-11-11,3,Surgery,6,12,0.5
2024-11-12,3,Surgery,5,12,0.4167
2024-11-13,3,Surgery,5,12,0.4167
2024-11-14,3,Surgery,6,12,0.5
2024-11-15,3,Surgery,8,12,0.6667
2024-11-16,3,Surgery,9,12,0.75
2024-11-17,3,Surgery,10,12,0.8333
2024-11-18,3,Surgery,10,12,0.8333
2024-11-19,3,Surgery,13,12,1.0833
2024-11-20,3,Surgery,12,12,1.0
2024-11-21,3,Surgery,11,12,0.9167
2024-11-22,3,Surgery,11,12,0.9167
2024-11-23,3,Surgery,9,12,0.75
2024-11-24,3,Surgery,7,12,0.5833
2024-11-25,3,Surgery,5,12,0.4167
2024-11-26,3,Surgery,5,12,0.4167
2024-11-27,3,Surgery,4,12,0.3333
2024-11-28,3,Surgery,3,12,0.25
2024-11-29,3,Surgery,2,12,0.1667
2024-11-30,3,Surgery,3,12,0.25
2024-12-01,3,Surgery,4,12,0.3333
2024-12-02,3,Surgery,6,12,0.5
2024-12-03,3,Surgery,6,12,0.5
2024-12-04,3,Surgery,8,12,0.6667
2024-12-05,3,Surgery,10,12,0.8333
2024-12-06,3,Surgery,10,12,0.8333
2024-12-07,3,Surgery,9,12,0.75
2024-12-08,3,Surgery,10,12,0.8333
2024-12-09,3,Surgery,11,12,0.9167
2024-12-10,3,Surgery,7,12,0.5833
2024-12-11,3,Surgery,6,12,0.5
2024-12-12,3,Surgery,7,12,0.5833
2024-12-13,3,Surgery,3,12,0.25
2024-12-14,3,Surgery,5,12,0.4167
2024-12-15,3,Surgery,4,12,0.3333
2024-12-16,3,Surgery,4,12,0.3333
2024-12-17,3,Surgery,9,12,0.75
2024-12-18,3,Surgery,8,12,0.6667
2024-12-19,3,Surgery,7,12,0.5833
2024-12-20,3,Surgery,9,12,0.75
2024-12-21,3,Surgery,8,12,0.6667
2024-12-22,3,Surgery,6,12,0.5
2024-12-23,3,Surgery,4,12,0.3333
2024-12-24,3,Surgery,5,12,0.4167
2024-12-25,3,Surgery,4,12,0.3333
2024-12-26,3,Surgery,6,12,0.5
2024-12-27,3,Surgery,9,12,0.75
2024-12-28,3,Surgery,9,12,0.75
2024-12-29,3,Surgery,4,12,0.3333
2024-12-30,3,Surgery,4,12,0.3333
2024-12-31,3,Surgery,4,12,0.3333
2025-01-01,3,Surgery,3,12,0.25
2025-01-02,3,Surgery,4,12,0.3333
2025-01-03,3,Surgery,3,12,0.25
2025-01-04,3,Surgery,1,12,0.0833
2025-01-05,3,Surgery,0,12,0.0
2025-01-06,3,Surgery,0,12,0.0
2025-01-07,3,Surgery,2,12,0.1667
2025-01-08,3,Surgery,3,12,0.25
2025-01-09,3,Surgery,3,12,0.25
2025-01-10,3,Surgery,4,12,0.3333
2025-01-11,3,Surgery,6,12,0.5
2025-01-12,3,Surgery,8,12,0.6667
2025-01-13,3,Surgery,9,12,0.75
2025-01-14,3,Surgery,7,12,0.5833
2025-01-15,3,Surgery,8,12,0.6667
2025-01-16,3,Surgery,9,12,0.75
2025-01-17,3,Surgery,6,12,0.5
2025-01-18,3,Surgery,8,12,0.6667
2025-01-19,3,Surgery,9,12,0.75
2025-01-20,3,Surgery,8,12,0.6667
2025-01-21,3,Surgery,7,12,0.5833
2025-01-22,3,Surgery,9,12,0.75
2025-01-23,3,Surgery,11,12,0.9167
2025-01-24,3,Surgery,10,12,0.8333
2025-01-25,3,Surgery,9,12,0.75
2025-01-26,3,Surgery,9,12,0.75
2025-01-27,3,Surgery,10,12,0.8333
2025-01-28,3,Surgery,10,12,0.8333
2025-01-29,3,Surgery,8,12,0.6667
2025-01-30,3,Surgery,9,12,0.75
2025-01-31,3,Surgery,9,12,0.75
2025-02-01,3,Surgery,10,12,0.8333
2025-02-02,3,Surgery,11,12,0.9167
2025-02-03,3,Surgery,6,12,0.5
2025-02-04,3,Surgery,6,12,0.5
2025-02-05,3,Surgery,8,12,0.6667
2025-02-06,3,Surgery,8,12,0.6667
2025-02-07,3,Surgery,11,12,0.9167
2025-02-08,3,Surgery,13,12,1.0833
2025-02-09,3,Surgery,13,12,1.0833
2025-02-10,3,Surgery,14,12,1.1667
2025-02-11,3,Surgery,11,12,0.9167
2025-02-12,3,Surgery,11,12,0.9167
2025-02-13,3,Surgery,12,12,1.0
2025-02-14,3,Surgery,12,12,1.0
2025-02-15,3,Surgery,10,12,0.8333
2025-02-16,3,Surgery,11,12,0.9167
2025-02-17,3,Surgery,12,12,1.0
2025-02-18,3,Surgery,9,12,0.75
2025-02-19,3,Surgery,7,12,0.5833
2025-02-20,3,Surgery,6,12,0.5
2025-02-21,3,Surgery,5,12,0.4167
2025-02-22,3,Surgery,5,12,0.4167
2025-02-23,3,Surgery,7,12,0.5833
2025-02-24,3,Surgery,8,12,0.6667
2025-02-25,3,Surgery,10,12,0.8333
2025-02-26,3,Surgery,9,12,0.75
2025-02-27,3,Surgery,7,12,0.5833
2025-02-28,3,Surgery,7,12,0.5833
2025-03-01,3,Surgery,6,12,0.5
2025-03-02,3,Surgery,5,12,0.4167
2025-03-03,3,Surgery,6,12,0.5
2025-03-04,3,Surgery,4,12,0.3333
2025-03-05,3,Surgery,6,12,0.5
2025-03-06,3,Surgery,5,12,0.4167
2025-03-07,3,Surgery,4,12,0.3333
2025-03-08,3,Surgery,6,12,0.5
2025-03-09,3,Surgery,8,12,0.6667
2025-03-10,3,Surgery,8,12,0.6667
2025-03-11,3,Surgery,5,12,0.4167
2025-03-12,3,Surgery,4,12,0.3333
2025-03-13,3,Surgery,4,12,0.3333
2025-03-14,3,Surgery,4,12,0.3333
2025-03-15,3,Surgery,5,12,0.4167
2025-03-16,3,Surgery,5,12,0.4167
2025-03-17,3,Surgery,7,12,0.5833
2025-03-18,3,Surgery,6,12,0.5
2025-03-19,3,Surgery,6,12,0.5
2025-03-20,3,Surgery,6,12,0.5
2025-03-21,3,Surgery,7,12,0.5833
2025-03-22,3,Surgery,8,12,0.6667
2025-03-23,3,Surgery,6,12,0.5
2025-03-24,3,Surgery,5,12,0.4167
2025-03-25,3,Surgery,2,12,0.1667
2025-03-26,3,Surgery,3,12,0.25
2025-03-27,3,Surgery,3,12,0.25
2025-03-28,3,Surgery,6,12,0.5
2025-03-29,3,Surgery,4,12,0.3333
2025-03-30,3,Surgery,4,12,0.3333
2025-03-31,3,Surgery,4,12,0.3333
2025-04-01,3,Surgery,5,12,0.4167
2025-04-02,3,Surgery,6,12,0.5
2025-04-03,3,Surgery,8,12,0.6667
2025-04-04,3,Surgery,9,12,0.75
2025-04-05,3,Surgery,8,12,0.6667
2025-04-06,3,Surgery,9,12,0.75
2025-04-07,3,Surgery,8,12,0.6667
2025-04-08,3,Surgery,8,12,0.6667
2025-04-09,3,Surgery,9,12,0.75
2025-04-10,3,Surgery,11,12,0.9167
2025-04-11,3,Surgery,8,12,0.6667
2025-04-12,3,Surgery,8,12,0.6667
2025-04-13,3,Surgery,12,12,1.0
2025-04-14,3,Surgery,14,12,1.1667
2025-04-15,3,Surgery,14,12,1.1667
2025-04-16,3,Surgery,12,12,1.0
2025-04-17,3,Surgery,9,12,0.75
2025-04-18,3,Surgery,11,12,0.9167
2025-04-19,3,Surgery,8,12,0.6667
2025-04-20,3,Surgery,10,12,0.8333
2025-04-21,3,Surgery,11,12,0.9167
2025-04-22,3,Surgery,10,12,0.8333
2025-04-23,3,Surgery,8,12,0.6667
2025-04-24,3,Surgery,6,12,0.5
2025-04-25,3,Surgery,4,12,0.3333
2025-04-26,3,Surgery,9,12,0.75
2025-04-27,3,Surgery,9,12,0.75
2025-04-28,3,Surgery,11,12,0.9167
2025-04-29,3,Surgery,7,12,0.5833
2025-04-30,3,Surgery,7,12,0.5833
2025-05-01,3,Surgery,6,12,0.5
2025-05-02,3,Surgery,9,12,0.75
2025-05-03,3,Surgery,7,12,0.5833
2025-05-04,3,Surgery,7,12,0.5833
2025-05-05,3,Surgery,8,12,0.6667
2025-05-06,3,Surgery,9,12,0.75
2025-05-07,3,Surgery,10,12,0.8333
2025-05-08,3,Surgery,9,12,0.75
2025-05-09,3,Surgery,7,12,0.5833
2025-05-10,3,Surgery,7,12,0.5833
2025-05-11,3,Surgery,10,12,0.8333
2025-05-12,3,Surgery,9,12,0.75
2025-05-13,3,Surgery,10,12,0.8333
2025-05-14,3,Surgery,10,12,0.8333
2025-05-15,3,Surgery,9,12,0.75
2025-05-16,3,Surgery,8,12,0.6667
2025-05-17,3,Surgery,11,12,0.9167
2025-05-18,3,Surgery,10,12,0.8333
2025-05-19,3,Surgery,11,12,0.9167
2025-05-20,3,Surgery,11,12,0.9167
2025-05-21,3,Surgery,10,12,0.8333
2025-05-22,3,Surgery,10,12,0.8333
2025-05-23,3,Surgery,9,12,0.75
2025-05-24,3,Surgery,8,12,0.6667
2025-05-25,3,Surgery,10,12,0.8333
2025-05-26,3,Surgery,11,12,0.9167
2025-05-27,3,Surgery,10,12,0.8333
2025-05-28,3,Surgery,8,12,0.6667
2025-05-29,3,Surgery,6,12,0.5
2025-05-30,3,Surgery,6,12,0.5
2025-05-31,3,Surgery,8,12,0.6667
2025-06-01,3,Surgery,7,12,0.5833
2025-06-02,3,Surgery,7,12,0.5833
2025-06-03,3,Surgery,7,12,0.5833
2025-06-04,3,Surgery,6,12,0.5
2025-06-05,3,Surgery,6,12,0.5
2025-06-06,3,Surgery,7,12,0.5833
2025-06-07,3,Surgery,7,12,0.5833
2025-06-08,3,Surgery,10,12,0.8333
2025-06-09,3,Surgery,10,12,0.8333
2025-06-10,3,Surgery,6,12,0.5
2025-06-11,3,Surgery,7,12,0.5833
2025-06-12,3,Surgery,8,12,0.6667
2025-06-13,3,Surgery,8,12,0.6667
2025-06-14,3,Surgery,6,12,0.5
2025-06-15,3,Surgery,5,12,0.4167
2025-06-16,3,Surgery,5,12,0.4167
2025-06-17,3,Surgery,4,12,0.3333
2025-06-18,3,Surgery,5,12,0.4167
2025-06-19,3,Surgery,5,12,0.4167
2025-06-20,3,Surgery,8,12,0.6667
2025-06-21,3,Surgery,7,12,0.5833
2025-06-22,3,Surgery,7,12,0.5833
2025-06-23,3,Surgery,6,12,0.5
2025-06-24,3,Surgery,5,12,0.4167
2025-06-25,3,Surgery,6,12,0.5
2025-06-26,3,Surgery,6,12,0.5
2025-06-27,3,Surgery,6,12,0.5
2025-06-28,3,Surgery,7,12,0.5833
2025-06-29,3,Surgery,5,12,0.4167
2025-06-30,3,Surgery,4,12,0.3333
2025-07-01,3,Surgery,2,12,0.1667
2025-07-02,3,Surgery,3,12,0.25
2025-07-03,3,Surgery,5,12,0.4167
2025-07-04,3,Surgery,5,12,0.4167
2025-07-05,3,Surgery,2,12,0.1667
2025-07-06,3,Surgery,5,12,0.4167
2025-07-07,3,Surgery,5,12,0.4167
2025-07-08,3,Surgery,5,12,0.4167
2025-07-09,3,Surgery,5,12,0.4167
2025-07-10,3,Surgery,6,12,0.5
2025-07-11,3,Surgery,5,12,0.4167
2025-07-12,3,Surgery,8,12,0.6667
2025-07-13,3,Surgery,9,12,0.75
2025-07-14,3,Surgery,9,12,0.75
2025-07-15,3,Surgery,10,12,0.8333
2025-07-16,3,Surgery,11,12,0.9167
2025-07-17,3,Surgery,10,12,0.8333
2025-07-18,3,Surgery,13,12,1.0833
2025-07-19,3,Surgery,8,12,0.6667
2025-07-20,3,Surgery,7,12,0.5833
2025-07-21,3,Surgery,4,12,0.3333
2025-07-22,3,Surgery,6,12,0.5
2025-07-23,3,Surgery,6,12,0.5
2025-07-24,3,Surgery,7,12,0.5833
2025-07-25,3,Surgery,9,12,0.75
2025-07-26,3,Surgery,10,12,0.8333
2025-07-27,3,Surgery,10,12,0.8333
2025-07-28,3,Surgery,11,12,0.9167
2025-07-29,3,Surgery,10,12,0.8333
2025-07-30,3,Surgery,10,12,0.8333
2025-07-31,3,Surgery,9,12,0.75
2025-08-01,3,Surgery,8,12,0.6667
2025-08-02,3,Surgery,7,12,0.5833
2025-08-03,3,Surgery,10,12,0.8333
2025-08-04,3,Surgery,13,12,1.0833
2025-08-05,3,Surgery,11,12,0.9167
2025-08-06,3,Surgery,7,12,0.5833
2025-08-07,3,Surgery,7,12,0.5833
2025-08-08,3,Surgery,8,12,0.6667
2025-08-09,3,Surgery,6,12,0.5
2025-08-10,3,Surgery,6,12,0.5
2025-08-11,3,Surgery,8,12,0.6667
2025-08-12,3,Surgery,8,12,0.6667
2025-08-13,3,Surgery,10,12,0.8333
2025-08-14,3,Surgery,7,12,0.5833
2025-08-15,3,Surgery,10,12,0.8333
2025-08-16,3,Surgery,10,12,0.8333
2025-08-17,3,Surgery,9,12,0.75
2025-08-18,3,Surgery,4,12,0.3333
2025-08-19,3,Surgery,6,12,0.5
2025-08-20,3,Surgery,2,12,0.1667
2025-08-21,3,Surgery,7,12,0.5833
2025-08-22,3,Surgery,11,12,0.9167
2025-08-23,3,Surgery,9,12,0.75
2025-08-24,3,Surgery,11,12,0.9167
2025-08-25,3,Surgery,8,12,0.6667
2025-08-26,3,Surgery,6,12,0.5
2025-08-27,3,Surgery,6,12,0.5
2025-08-28,3,Surgery,5,12,0.4167
2025-08-29,3,Surgery,4,12,0.3333
2025-08-30,3,Surgery,5,12,0.4167
2025-08-31,3,Surgery,6,12,0.5
2025-09-01,3,Surgery,7,12,0.5833
2025-09-02,3,Surgery,10,12,0.8333
2025-09-03,3,Surgery,11,12,0.9167
2025-09-04,3,Surgery,8,12,0.6667
2025-09-05,3,Surgery,6,12,0.5
2025-09-06,3,Surgery,6,12,0.5
2025-09-07,3,Surgery,6,12,0.5
2025-09-08,3,Surgery,7,12,0.5833
2025-09-09,3,Surgery,8,12,0.6667
2025-09-10,3,Surgery,9,12,0.75
2025-09-11,3,Surgery,11,12,0.9167
2025-09-12,3,Surgery,9,12,0.75
2025-09-13,3,Surgery,6,12,0.5
2025-09-14,3,Surgery,7,12,0.5833
2025-09-15,3,Surgery,8,12,0.6667
2025-09-16,3,Surgery,8,12,0.6667
2025-09-17,3,Surgery,7,12,0.5833
2025-09-18,3,Surgery,7,12,0.5833
2025-09-19,3,Surgery,8,12,0.6667
2025-09-20,3,Surgery,10,12,0.8333
2025-09-21,3,Surgery,9,12,0.75
2025-09-22,3,Surgery,7,12,0.5833
2025-09-23,3,Surgery,9,12,0.75
2025-09-24,3,Surgery,9,12,0.75
2025-09-25,3,Surgery,9,12,0.75
2025-09-26,3,Surgery,4,12,0.3333
2025-09-27,3,Surgery,7,12,0.5833
2025-09-28,3,Surgery,8,12,0.6667
2025-09-29,3,Surgery,8,12,0.6667
2025-09-30,3,Surgery,8,12,0.6667
2025-10-01,3,Surgery,9,12,0.75
2025-10-02,3,Surgery,7,12,0.5833
2025-10-03,3,Surgery,7,12,0.5833
2025-10-04,3,Surgery,5,12,0.4167
2025-10-05,3,Surgery,7,12,0.5833
2025-10-06,3,Surgery,5,12,0.4167
2025-10-07,3,Surgery,5,12,0.4167
2025-10-08,3,Surgery,5,12,0.4167
2025-10-09,3,Surgery,7,12,0.5833
2025-10-10,3,Surgery,6,12,0.5
2025-10-11,3,Surgery,7,12,0.5833
2025-10-12,3,Surgery,8,12,0.6667
2025-10-13,3,Surgery,8,12,0.6667
2025-10-14,3,Surgery,8,12,0.6667
2025-10-15,3,Surgery,8,12,0.6667
2025-10-16,3,Surgery,9,12,0.75
2025-10-17,3,Surgery,9,12,0.75
2025-10-18,3,Surgery,7,12,0.5833
2025-10-19,3,Surgery,8,12,0.6667
2025-10-20,3,Surgery,8,12,0.6667
2025-10-21,3,Surgery,11,12,0.9167
2025-10-22,3,Surgery,11,12,0.9167
2025-10-23,3,Surgery,10,12,0.8333
2025-10-24,3,Surgery,6,12,0.5
2025-10-25,3,Surgery,4,12,0.3333
2025-10-26,3,Surgery,3,12,0.25
2025-10-27,3,Surgery,4,12,0.3333
2025-10-28,3,Surgery,4,12,0.3333
2025-10-29,3,Surgery,7,12,0.5833
2025-10-30,3,Surgery,7,12,0.5833
2025-10-31,3,Surgery,12,12,1.0
2025-11-01,3,Surgery,13,12,1.0833
2025-11-02,3,Surgery,12,12,1.0
2025-11-03,3,Surgery,10,12,0.8333
2025-11-04,3,Surgery,8,12,0.6667
2025-11-05,3,Surgery,4,12,0.3333
2025-11-06,3,Surgery,4,12,0.3333
2025-11-07,3,Surgery,6,12,0.5
2025-11-08,3,Surgery,8,12,0.6667
2025-11-09,3,Surgery,14,12,1.1667
2025-11-10,3,Surgery,15,12,1.25
2025-11-11,3,Surgery,14,12,1.1667
2025-11-12,3,Surgery,9,12,0.75
2025-11-13,3,Surgery,12,12,1.0
2025-11-14,3,Surgery,13,12,1.0833
2025-11-15,3,Surgery,11,12,0.9167
2025-11-16,3,Surgery,13,12,1.0833
2025-11-17,3,Surgery,13,12,1.0833
2025-11-18,3,Surgery,8,12,0.6667
2025-11-19,3,Surgery,8,12,0.6667
2025-11-20,3,Surgery,6,12,0.5
2025-11-21,3,Surgery,5,12,0.4167
2025-11-22,3,Surgery,4,12,0.3333
2025-11-23,3,Surgery,9,12,0.75
2025-11-24,3,Surgery,10,12,0.8333
2025-11-25,3,Surgery,9,12,0.75
2025-11-26,3,Surgery,10,12,0.8333
2025-11-27,3,Surgery,8,12,0.6667
2025-11-28,3,Surgery,8,12,0.6667
2025-11-29,3,Surgery,6,12,0.5
2025-11-30,3,Surgery,4,12,0.3333
2025-12-01,3,Surgery,3,12,0.25
2025-12-02,3,Surgery,4,12,0.3333
2025-12-03,3,Surgery,5,12,0.4167
2025-12-04,3,Surgery,4,12,0.3333
2025-12-05,3,Surgery,4,12,0.3333
2025-12-06,3,Surgery,4,12,0.3333
2025-12-07,3,Surgery,4,12,0.3333
2025-12-08,3,Surgery,3,12,0.25
2025-12-09,3,Surgery,3,12,0.25
2025-12-10,3,Surgery,4,12,0.3333
2025-12-11,3,Surgery,5,12,0.4167
2025-12-12,3,Surgery,7,12,0.5833
2025-12-13,3,Surgery,7,12,0.5833
2025-12-14,3,Surgery,9,12,0.75
2025-12-15,3,Surgery,8,12,0.6667
2025-12-16,3,Surgery,9,12,0.75
2025-12-17,3,Surgery,7,12,0.5833
2025-12-18,3,Surgery,8,12,0.6667
2025-12-19,3,Surgery,7,12,0.5833
2025-12-20,3,Surgery,10,12,0.8333
2025-12-21,3,Surgery,9,12,0.75
2025-12-22,3,Surgery,7,12,0.5833
2025-12-23,3,Surgery,4,12,0.3333
2025-12-24,3,Surgery,4,12,0.3333
2025-12-25,3,Surgery,5,12,0.4167
2025-12-26,3,Surgery,5,12,0.4167
2025-12-27,3,Surgery,5,12,0.4167
2025-12-28,3,Surgery,6,12,0.5
2025-12-29,3,Surgery,8,12,0.6667
2025-12-30,3,Surgery,10,12,0.8333
2025-12-31,3,Surgery,12,12,1.0
2026-01-01,3,Surgery,12,12,1.0
2026-01-02,3,Surgery,10,12,0.8333
2026-01-03,3,Surgery,9,12,0.75
2026-01-04,3,Surgery,10,12,0.8333
2026-01-05,3,Surgery,12,12,1.0
2026-01-06,3,Surgery,12,12,1.0
2026-01-07,3,Surgery,14,12,1.1667
2026-01-08,3,Surgery,12,12,1.0
2026-01-09,3,Surgery,10,12,0.8333
2026-01-10,3,Surgery,10,12,0.8333
2026-01-11,3,Surgery,10,12,0.8333
2026-01-12,3,Surgery,6,12,0.5
2026-01-13,3,Surgery,2,12,0.1667
2026-01-14,3,Surgery,2,12,0.1667
2026-01-15,3,Surgery,4,12,0.3333
2026-01-16,3,Surgery,5,12,0.4167
2026-01-17,3,Surgery,5,12,0.4167
2026-01-18,3,Surgery,6,12,0.5
2026-01-19,3,Surgery,6,12,0.5
2026-01-20,3,Surgery,7,12,0.5833
2026-01-21,3,Surgery,6,12,0.5
2026-01-22,3,Surgery,8,12,0.6667
2026-01-23,3,Surgery,9,12,0.75
2026-01-24,3,Surgery,11,12,0.9167
2026-01-25,3,Surgery,12,12,1.0
2026-01-26,3,Surgery,9,12,0.75
2026-01-27,3,Surgery,13,12,1.0833
2026-01-28,3,Surgery,16,12,1.3333
2026-01-29,3,Surgery,18,12,1.5
2026-01-30,3,Surgery,16,12,1.3333
2026-01-31,3,Surgery,13,12,1.0833
2026-02-01,3,Surgery,8,12,0.6667
2026-02-02,3,Surgery,7,12,0.5833
2026-02-03,3,Surgery,8,12,0.6667
2026-02-04,3,Surgery,9,12,0.75
2026-02-05,3,Surgery,15,12,1.25
2026-02-06,3,Surgery,11,12,0.9167
2026-02-07,3,Surgery,9,12,0.75
2026-02-08,3,Surgery,8,12,0.6667
2026-02-09,3,Surgery,10,12,0.8333
2026-02-10,3,Surgery,9,12,0.75
2026-02-11,3,Surgery,7,12,0.5833
2026-02-12,3,Surgery,9,12,0.75
2026-02-13,3,Surgery,3,12,0.25
2026-02-14,3,Surgery,3,12,0.25
2026-02-15,3,Surgery,7,12,0.5833
2026-02-16,3,Surgery,4,12,0.3333
2026-02-17,3,Surgery,6,12,0.5
2026-02-18,3,Surgery,7,12,0.5833
2026-02-19,3,Surgery,6,12,0.5
2026-02-20,3,Surgery,6,12,0.5
2026-02-21,3,Surgery,4,12,0.3333
2026-02-22,3,Surgery,4,12,0.3333
2026-02-23,3,Surgery,4,12,0.3333
2026-02-24,3,Surgery,3,12,0.25
2026-02-25,3,Surgery,8,12,0.6667
2026-02-26,3,Surgery,10,12,0.8333
2026-02-27,3,Surgery,9,12,0.75
2026-02-28,3,Surgery,9,12,0.75
2026-03-01,3,Surgery,8,12,0.6667
2026-03-02,3,Surgery,8,12,0.6667
2026-03-03,3,Surgery,5,12,0.4167
2026-03-04,3,Surgery,4,12,0.3333
2026-03-05,3,Surgery,3,12,0.25
2026-03-06,3,Surgery,3,12,0.25
2026-03-07,3,Surgery,7,12,0.5833
2026-03-08,3,Surgery,8,12,0.6667
2026-03-09,3,Surgery,7,12,0.5833
2026-03-10,3,Surgery,7,12,0.5833
2026-03-11,3,Surgery,6,12,0.5
2026-03-12,3,Surgery,5,12,0.4167
2026-03-13,3,Surgery,7,12,0.5833
2026-03-14,3,Surgery,7,12,0.5833
2026-03-15,3,Surgery,6,12,0.5
2026-03-16,3,Surgery,5,12,0.4167
2026-03-17,3,Surgery,6,12,0.5
2026-03-18,3,Surgery,4,12,0.3333
2026-03-19,3,Surgery,7,12,0.5833
2026-03-20,3,Surgery,9,12,0.75
2026-03-21,3,Surgery,9,12,0.75
2026-03-22,3,Surgery,9,12,0.75
2026-03-23,3,Surgery,5,12,0.4167
2026-03-24,3,Surgery,6,12,0.5
2026-03-25,3,Surgery,8,12,0.6667
2026-03-26,3,Surgery,9,12,0.75
2026-03-27,3,Surgery,7,12,0.5833
2026-03-28,3,Surgery,7,12,0.5833
2026-03-29,3,Surgery,5,12,0.4167
2026-03-30,3,Surgery,6,12,0.5
2026-03-31,3,Surgery,5,12,0.4167
2026-04-01,3,Surgery,6,12,0.5
2026-04-02,3,Surgery,8,12,0.6667
2026-04-03,3,Surgery,9,12,0.75
2026-04-04,3,Surgery,11,12,0.9167
2026-04-05,3,Surgery,11,12,0.9167
2026-04-06,3,Surgery,10,12,0.8333
2026-04-07,3,Surgery,11,12,0.9167
2026-04-08,3,Surgery,10,12,0.8333
2026-04-09,3,Surgery,8,12,0.6667
2026-04-10,3,Surgery,6,12,0.5
2026-04-11,3,Surgery,9,12,0.75
2026-04-12,3,Surgery,10,12,0.8333
2026-04-13,3,Surgery,7,12,0.5833
2026-04-14,3,Surgery,7,12,0.5833
2026-04-15,3,Surgery,6,12,0.5
2026-04-16,3,Surgery,4,12,0.3333
2026-04-17,3,Surgery,4,12,0.3333
2026-04-18,3,Surgery,4,12,0.3333
2026-04-19,3,Surgery,3,12,0.25
2026-04-20,3,Surgery,4,12,0.3333
2026-04-21,3,Surgery,5,12,0.4167
2026-04-22,3,Surgery,4,12,0.3333
2026-04-23,3,Surgery,8,12,0.6667
2026-04-24,3,Surgery,8,12,0.6667
2026-04-25,3,Surgery,8,12,0.6667
2026-04-26,3,Surgery,9,12,0.75
2026-04-27,3,Surgery,14,12,1.1667
2026-04-28,3,Surgery,14,12,1.1667
2026-04-29,3,Surgery,15,12,1.25
2026-04-30,3,Surgery,9,12,0.75
2026-05-01,3,Surgery,9,12,0.75
2026-05-02,3,Surgery,7,12,0.5833
2026-05-03,3,Surgery,5,12,0.4167
2026-05-04,3,Surgery,5,12,0.4167
2026-05-05,3,Surgery,8,12,0.6667
2026-05-06,3,Surgery,8,12,0.6667
2026-05-07,3,Surgery,6,12,0.5
2026-05-08,3,Surgery,10,12,0.8333
2026-05-09,3,Surgery,7,12,0.5833
2026-05-10,3,Surgery,9,12,0.75
2026-05-11,3,Surgery,8,12,0.6667
2026-05-12,3,Surgery,8,12,0.6667
2026-05-13,3,Surgery,7,12,0.5833
2026-05-14,3,Surgery,10,12,0.8333
2026-05-15,3,Surgery,9,12,0.75
2026-05-16,3,Surgery,8,12,0.6667
2026-05-17,3,Surgery,8,12,0.6667
2026-05-18,3,Surgery,9,12,0.75
2026-05-19,3,Surgery,7,12,0.5833
2026-05-20,3,Surgery,4,12,0.3333
2026-05-21,3,Surgery,6,12,0.5
2026-05-22,3,Surgery,6,12,0.5
2026-05-23,3,Surgery,7,12,0.5833
2026-05-24,3,Surgery,8,12,0.6667
2026-05-25,3,Surgery,8,12,0.6667
2026-05-26,3,Surgery,4,12,0.3333
2026-05-27,3,Surgery,6,12,0.5
2026-05-28,3,Surgery,6,12,0.5
2026-05-29,3,Surgery,7,12,0.5833
2026-05-30,3,Surgery,5,12,0.4167
2026-05-31,3,Surgery,6,12,0.5
2026-06-01,3,Surgery,5,12,0.4167
2026-06-02,3,Surgery,5,12,0.4167
2026-06-03,3,Surgery,5,12,0.4167
2026-06-04,3,Surgery,7,12,0.5833
2026-06-05,3,Surgery,6,12,0.5
2026-06-06,3,Surgery,6,12,0.5
2026-06-07,3,Surgery,6,12,0.5
2026-06-08,3,Surgery,7,12,0.5833
2026-06-09,3,Surgery,8,12,0.6667
2026-06-10,3,Surgery,6,12,0.5
2026-06-11,3,Surgery,6,12,0.5
2026-06-12,3,Surgery,8,12,0.6667
2026-06-13,3,Surgery,9,12,0.75
2026-06-14,3,Surgery,8,12,0.6667
2026-06-15,3,Surgery,8,12,0.6667
2026-06-16,3,Surgery,11,12,0.9167
2026-06-17,3,Surgery,11,12,0.9167
2026-06-18,3,Surgery,11,12,0.9167
2026-06-19,3,Surgery,11,12,0.9167
2026-06-20,3,Surgery,9,12,0.75
2026-06-21,3,Surgery,12,12,1.0
2026-06-22,3,Surgery,10,12,0.8333
2026-06-23,3,Surgery,8,12,0.6667
2026-06-24,3,Surgery,5,12,0.4167
2026-06-25,3,Surgery,6,12,0.5
2026-06-26,3,Surgery,9,12,0.75
2026-06-27,3,Surgery,9,12,0.75
2026-06-28,3,Surgery,8,12,0.6667
2026-06-29,3,Surgery,7,12,0.5833
2026-06-30,3,Surgery,11,12,0.9167
2026-07-01,3,Surgery,11,12,0.9167
2026-07-02,3,Surgery,7,12,0.5833
2026-07-03,3,Surgery,7,12,0.5833
2026-07-04,3,Surgery,8,12,0.6667
2026-07-05,3,Surgery,6,12,0.5
2026-07-06,3,Surgery,4,12,0.3333
2026-07-07,3,Surgery,5,12,0.4167
2026-07-08,3,Surgery,7,12,0.5833
2026-07-09,3,Surgery,9,12,0.75
2026-07-10,3,Surgery,9,12,0.75
2026-07-11,3,Surgery,9,12,0.75
2026-07-12,3,Surgery,8,12,0.6667
2026-07-13,3,Surgery,7,12,0.5833
2026-07-14,3,Surgery,7,12,0.5833
2026-07-15,3,Surgery,7,12,0.5833
2026-07-16,3,Surgery,7,12,0.5833
2026-07-17,3,Surgery,7,12,0.5833
2026-07-18,3,Surgery,12,12,1.0
2026-07-19,3,Surgery,12,12,1.0
2026-07-20,3,Surgery,12,12,1.0
2026-07-21,3,Surgery,10,12,0.8333
2026-07-22,3,Surgery,8,12,0.6667
2026-07-23,3,Surgery,7,12,0.5833
2026-07-24,3,Surgery,6,12,0.5
2026-07-25,3,Surgery,7,12,0.5833
2026-07-26,3,Surgery,6,12,0.5
2026-07-27,3,Surgery,5,12,0.4167
2026-07-28,3,Surgery,5,12,0.4167
2026-07-29,3,Surgery,5,12,0.4167
2026-07-30,3,Surgery,5,12,0.4167
2026-07-31,3,Surgery,6,12,0.5
2026-08-01,3,Surgery,5,12,0.4167
2026-08-02,3,Surgery,6,12,0.5
2026-08-03,3,Surgery,8,12,0.6667
2026-08-04,3,Surgery,8,12,0.6667
2026-08-05,3,Surgery,12,12,1.0
2026-08-06,3,Surgery,11,12,0.9167
2026-08-07,3,Surgery,9,12,0.75
2026-08-08,3,Surgery,4,12,0.3333
2026-08-09,3,Surgery,6,12,0.5
2026-08-10,3,Surgery,8,12,0.6667
2026-08-11,3,Surgery,6,12,0.5
2026-08-12,3,Surgery,7,12,0.5833
2026-08-13,3,Surgery,5,12,0.4167
2026-08-14,3,Surgery,4,12,0.3333
2026-08-15,3,Surgery,4,12,0.3333
2026-08-16,3,Surgery,5,12,0.4167
2026-08-17,3,Surgery,4,12,0.3333
2026-08-18,3,Surgery,5,12,0.4167
2026-08-19,3,Surgery,5,12,0.4167
2026-08-20,3,Surgery,6,12,0.5
2026-08-21,3,Surgery,6,12,0.5
2026-08-22,3,Surgery,8,12,0.6667
2026-08-23,3,Surgery,6,12,0.5
2026-08-24,3,Surgery,7,12,0.5833
2026-08-25,3,Surgery,7,12,0.5833
2026-08-26,3,Surgery,5,12,0.4167
2026-08-27,3,Surgery,6,12,0.5
2026-08-28,3,Surgery,8,12,0.6667
2026-08-29,3,Surgery,8,12,0.6667
2026-08-30,3,Surgery,8,12,0.6667
2026-08-31,3,Surgery,7,12,0.5833
2024-01-01,4,Orthopedics,0,9,0.0
2024-01-02,4,Orthopedics,0,9,0.0
2024-01-03,4,Orthopedics,0,9,0.0
2024-01-04,4,Orthopedics,1,9,0.1111
2024-01-05,4,Orthopedics,1,9,0.1111
2024-01-06,4,Orthopedics,2,9,0.2222
2024-01-07,4,Orthopedics,2,9,0.2222
2024-01-08,4,Orthopedics,2,9,0.2222
2024-01-09,4,Orthopedics,5,9,0.5556
2024-01-10,4,Orthopedics,5,9,0.5556
2024-01-11,4,Orthopedics,5,9,0.5556
2024-01-12,4,Orthopedics,6,9,0.6667
2024-01-13,4,Orthopedics,6,9,0.6667
2024-01-14,4,Orthopedics,5,9,0.5556
2024-01-15,4,Orthopedics,4,9,0.4444
2024-01-16,4,Orthopedics,4,9,0.4444
2024-01-17,4,Orthopedics,2,9,0.2222
2024-01-18,4,Orthopedics,3,9,0.3333
2024-01-19,4,Orthopedics,4,9,0.4444
2024-01-20,4,Orthopedics,6,9,0.6667
2024-01-21,4,Orthopedics,5,9,0.5556
2024-01-22,4,Orthopedics,6,9,0.6667
2024-01-23,4,Orthopedics,6,9,0.6667
2024-01-24,4,Orthopedics,5,9,0.5556
2024-01-25,4,Orthopedics,2,9,0.2222
2024-01-26,4,Orthopedics,2,9,0.2222
2024-01-27,4,Orthopedics,5,9,0.5556
2024-01-28,4,Orthopedics,3,9,0.3333
2024-01-29,4,Orthopedics,3,9,0.3333
2024-01-30,4,Orthopedics,6,9,0.6667
2024-01-31,4,Orthopedics,6,9,0.6667
2024-02-01,4,Orthopedics,6,9,0.6667
2024-02-02,4,Orthopedics,5,9,0.5556
2024-02-03,4,Orthopedics,6,9,0.6667
2024-02-04,4,Orthopedics,6,9,0.6667
2024-02-05,4,Orthopedics,5,9,0.5556
2024-02-06,4,Orthopedics,6,9,0.6667
2024-02-07,4,Orthopedics,7,9,0.7778
2024-02-08,4,Orthopedics,8,9,0.8889
2024-02-09,4,Orthopedics,6,9,0.6667
2024-02-10,4,Orthopedics,5,9,0.5556
2024-02-11,4,Orthopedics,5,9,0.5556
2024-02-12,4,Orthopedics,5,9,0.5556
2024-02-13,4,Orthopedics,6,9,0.6667
2024-02-14,4,Orthopedics,6,9,0.6667
2024-02-15,4,Orthopedics,3,9,0.3333
2024-02-16,4,Orthopedics,2,9,0.2222
2024-02-17,4,Orthopedics,5,9,0.5556
2024-02-18,4,Orthopedics,5,9,0.5556
2024-02-19,4,Orthopedics,4,9,0.4444
2024-02-20,4,Orthopedics,5,9,0.5556
2024-02-21,4,Orthopedics,6,9,0.6667
2024-02-22,4,Orthopedics,5,9,0.5556
2024-02-23,4,Orthopedics,5,9,0.5556
2024-02-24,4,Orthopedics,5,9,0.5556
2024-02-25,4,Orthopedics,4,9,0.4444
2024-02-26,4,Orthopedics,3,9,0.3333
2024-02-27,4,Orthopedics,2,9,0.2222
2024-02-28,4,Orthopedics,6,9,0.6667
2024-02-29,4,Orthopedics,5,9,0.5556
2024-03-01,4,Orthopedics,5,9,0.5556
2024-03-02,4,Orthopedics,5,9,0.5556
2024-03-03,4,Orthopedics,5,9,0.5556
2024-03-04,4,Orthopedics,2,9,0.2222
2024-03-05,4,Orthopedics,2,9,0.2222
2024-03-06,4,Orthopedics,5,9,0.5556
2024-03-07,4,Orthopedics,5,9,0.5556
2024-03-08,4,Orthopedics,7,9,0.7778
2024-03-09,4,Orthopedics,9,9,1.0
2024-03-10,4,Orthopedics,11,9,1.2222
2024-03-11,4,Orthopedics,8,9,0.8889
2024-03-12,4,Orthopedics,9,9,1.0
2024-03-13,4,Orthopedics,8,9,0.8889
2024-03-14,4,Orthopedics,8,9,0.8889
2024-03-15,4,Orthopedics,7,9,0.7778
2024-03-16,4,Orthopedics,6,9,0.6667
2024-03-17,4,Orthopedics,5,9,0.5556
2024-03-18,4,Orthopedics,3,9,0.3333
2024-03-19,4,Orthopedics,5,9,0.5556
2024-03-20,4,Orthopedics,4,9,0.4444
2024-03-21,4,Orthopedics,5,9,0.5556
2024-03-22,4,Orthopedics,6,9,0.6667
2024-03-23,4,Orthopedics,6,9,0.6667
2024-03-24,4,Orthopedics,6,9,0.6667
2024-03-25,4,Orthopedics,7,9,0.7778
2024-03-26,4,Orthopedics,7,9,0.7778
2024-03-27,4,Orthopedics,3,9,0.3333
2024-03-28,4,Orthopedics,4,9,0.4444
2024-03-29,4,Orthopedics,3,9,0.3333
2024-03-30,4,Orthopedics,3,9,0.3333
2024-03-31,4,Orthopedics,5,9,0.5556
2024-04-01,4,Orthopedics,4,9,0.4444
2024-04-02,4,Orthopedics,5,9,0.5556
2024-04-03,4,Orthopedics,5,9,0.5556
2024-04-04,4,Orthopedics,7,9,0.7778
2024-04-05,4,Orthopedics,7,9,0.7778
2024-04-06,4,Orthopedics,7,9,0.7778
2024-04-07,4,Orthopedics,8,9,0.8889
2024-04-08,4,Orthopedics,6,9,0.6667
2024-04-09,4,Orthopedics,5,9,0.5556
2024-04-10,4,Orthopedics,3,9,0.3333
2024-04-11,4,Orthopedics,1,9,0.1111
2024-04-12,4,Orthopedics,2,9,0.2222
2024-04-13,4,Orthopedics,4,9,0.4444
2024-04-14,4,Orthopedics,4,9,0.4444
2024-04-15,4,Orthopedics,5,9,0.5556
2024-04-16,4,Orthopedics,4,9,0.4444
2024-04-17,4,Orthopedics,5,9,0.5556
2024-04-18,4,Orthopedics,4,9,0.4444
2024-04-19,4,Orthopedics,4,9,0.4444
2024-04-20,4,Orthopedics,4,9,0.4444
2024-04-21,4,Orthopedics,5,9,0.5556
2024-04-22,4,Orthopedics,7,9,0.7778
2024-04-23,4,Orthopedics,9,9,1.0
2024-04-24,4,Orthopedics,5,9,0.5556
2024-04-25,4,Orthopedics,9,9,1.0
2024-04-26,4,Orthopedics,9,9,1.0
2024-04-27,4,Orthopedics,11,9,1.2222
2024-04-28,4,Orthopedics,9,9,1.0
2024-04-29,4,Orthopedics,10,9,1.1111
2024-04-30,4,Orthopedics,8,9,0.8889
2024-05-01,4,Orthopedics,6,9,0.6667
2024-05-02,4,Orthopedics,6,9,0.6667
2024-05-03,4,Orthopedics,4,9,0.4444
2024-05-04,4,Orthopedics,5,9,0.5556
2024-05-05,4,Orthopedics,7,9,0.7778
2024-05-06,4,Orthopedics,8,9,0.8889
2024-05-07,4,Orthopedics,9,9,1.0
2024-05-08,4,Orthopedics,9,9,1.0
2024-05-09,4,Orthopedics,7,9,0.7778
2024-05-10,4,Orthopedics,8,9,0.8889
2024-05-11,4,Orthopedics,10,9,1.1111
2024-05-12,4,Orthopedics,10,9,1.1111
2024-05-13,4,Orthopedics,10,9,1.1111
2024-05-14,4,Orthopedics,10,9,1.1111
2024-05-15,4,Orthopedics,9,9,1.0
2024-05-16,4,Orthopedics,9,9,1.0
2024-05-17,4,Orthopedics,9,9,1.0
2024-05-18,4,Orthopedics,8,9,0.8889
2024-05-19,4,Orthopedics,6,9,0.6667
2024-05-20,4,Orthopedics,6,9,0.6667
2024-05-21,4,Orthopedics,6,9,0.6667
2024-05-22,4,Orthopedics,5,9,0.5556
2024-05-23,4,Orthopedics,4,9,0.4444
2024-05-24,4,Orthopedics,3,9,0.3333
2024-05-25,4,Orthopedics,4,9,0.4444
2024-05-26,4,Orthopedics,2,9,0.2222
2024-05-27,4,Orthopedics,2,9,0.2222
2024-05-28,4,Orthopedics,1,9,0.1111
2024-05-29,4,Orthopedics,3,9,0.3333
2024-05-30,4,Orthopedics,3,9,0.3333
2024-05-31,4,Orthopedics,3,9,0.3333
2024-06-01,4,Orthopedics,3,9,0.3333
2024-06-02,4,Orthopedics,3,9,0.3333
2024-06-03,4,Orthopedics,2,9,0.2222
2024-06-04,4,Orthopedics,4,9,0.4444
2024-06-05,4,Orthopedics,4,9,0.4444
2024-06-06,4,Orthopedics,4,9,0.4444
2024-06-07,4,Orthopedics,4,9,0.4444
2024-06-08,4,Orthopedics,4,9,0.4444
2024-06-09,4,Orthopedics,7,9,0.7778
2024-06-10,4,Orthopedics,6,9,0.6667
2024-06-11,4,Orthopedics,4,9,0.4444
2024-06-12,4,Orthopedics,2,9,0.2222
2024-06-13,4,Orthopedics,6,9,0.6667
2024-06-14,4,Orthopedics,6,9,0.6667
2024-06-15,4,Orthopedics,5,9,0.5556
2024-06-16,4,Orthopedics,5,9,0.5556
2024-06-17,4,Orthopedics,3,9,0.3333
2024-06-18,4,Orthopedics,4,9,0.4444
2024-06-19,4,Orthopedics,4,9,0.4444
2024-06-20,4,Orthopedics,5,9,0.5556
2024-06-21,4,Orthopedics,2,9,0.2222
2024-06-22,4,Orthopedics,7,9,0.7778
2024-06-23,4,Orthopedics,5,9,0.5556
2024-06-24,4,Orthopedics,6,9,0.6667
2024-06-25,4,Orthopedics,6,9,0.6667
2024-06-26,4,Orthopedics,7,9,0.7778
2024-06-27,4,Orthopedics,5,9,0.5556
2024-06-28,4,Orthopedics,5,9,0.5556
2024-06-29,4,Orthopedics,3,9,0.3333
2024-06-30,4,Orthopedics,2,9,0.2222
2024-07-01,4,Orthopedics,3,9,0.3333
2024-07-02,4,Orthopedics,3,9,0.3333
2024-07-03,4,Orthopedics,4,9,0.4444
2024-07-04,4,Orthopedics,3,9,0.3333
2024-07-05,4,Orthopedics,4,9,0.4444
2024-07-06,4,Orthopedics,5,9,0.5556
2024-07-07,4,Orthopedics,6,9,0.6667
2024-07-08,4,Orthopedics,5,9,0.5556
2024-07-09,4,Orthopedics,3,9,0.3333
2024-07-10,4,Orthopedics,3,9,0.3333
2024-07-11,4,Orthopedics,2,9,0.2222
2024-07-12,4,Orthopedics,2,9,0.2222
2024-07-13,4,Orthopedics,2,9,0.2222
2024-07-14,4,Orthopedics,3,9,0.3333
2024-07-15,4,Orthopedics,4,9,0.4444
2024-07-16,4,Orthopedics,3,9,0.3333
2024-07-17,4,Orthopedics,5,9,0.5556
2024-07-18,4,Orthopedics,6,9,0.6667
2024-07-19,4,Orthopedics,4,9,0.4444
2024-07-20,4,Orthopedics,2,9,0.2222
2024-07-21,4,Orthopedics,4,9,0.4444
2024-07-22,4,Orthopedics,6,9,0.6667
2024-07-23,4,Orthopedics,7,9,0.7778
2024-07-24,4,Orthopedics,7,9,0.7778
2024-07-25,4,Orthopedics,6,9,0.6667
2024-07-26,4,Orthopedics,4,9,0.4444
2024-07-27,4,Orthopedics,5,9,0.5556
2024-07-28,4,Orthopedics,4,9,0.4444
2024-07-29,4,Orthopedics,4,9,0.4444
2024-07-30,4,Orthopedics,5,9,0.5556
2024-07-31,4,Orthopedics,5,9,0.5556
2024-08-01,4,Orthopedics,4,9,0.4444
2024-08-02,4,Orthopedics,6,9,0.6667
2024-08-03,4,Orthopedics,6,9,0.6667
2024-08-04,4,Orthopedics,7,9,0.7778
2024-08-05,4,Orthopedics,4,9,0.4444
2024-08-06,4,Orthopedics,2,9,0.2222
2024-08-07,4,Orthopedics,6,9,0.6667
2024-08-08,4,Orthopedics,3,9,0.3333
2024-08-09,4,Orthopedics,4,9,0.4444
2024-08-10,4,Orthopedics,4,9,0.4444
2024-08-11,4,Orthopedics,5,9,0.5556
2024-08-12,4,Orthopedics,3,9,0.3333
2024-08-13,4,Orthopedics,4,9,0.4444
2024-08-14,4,Orthopedics,5,9,0.5556
2024-08-15,4,Orthopedics,4,9,0.4444
2024-08-16,4,Orthopedics,3,9,0.3333
2024-08-17,4,Orthopedics,2,9,0.2222
2024-08-18,4,Orthopedics,4,9,0.4444
2024-08-19,4,Orthopedics,3,9,0.3333
2024-08-20,4,Orthopedics,4,9,0.4444
2024-08-21,4,Orthopedics,4,9,0.4444
2024-08-22,4,Orthopedics,4,9,0.4444
2024-08-23,4,Orthopedics,4,9,0.4444
2024-08-24,4,Orthopedics,4,9,0.4444
2024-08-25,4,Orthopedics,4,9,0.4444
2024-08-26,4,Orthopedics,4,9,0.4444
2024-08-27,4,Orthopedics,3,9,0.3333
2024-08-28,4,Orthopedics,3,9,0.3333
2024-08-29,4,Orthopedics,4,9,0.4444
2024-08-30,4,Orthopedics,5,9,0.5556
2024-08-31,4,Orthopedics,3,9,0.3333
2024-09-01,4,Orthopedics,3,9,0.3333
2024-09-02,4,Orthopedics,3,9,0.3333
2024-09-03,4,Orthopedics,2,9,0.2222
2024-09-04,4,Orthopedics,4,9,0.4444
2024-09-05,4,Orthopedics,4,9,0.4444
2024-09-06,4,Orthopedics,4,9,0.4444
2024-09-07,4,Orthopedics,4,9,0.4444
2024-09-08,4,Orthopedics,4,9,0.4444
2024-09-09,4,Orthopedics,5,9,0.5556
2024-09-10,4,Orthopedics,4,9,0.4444
2024-09-11,4,Orthopedics,5,9,0.5556
2024-09-12,4,Orthopedics,7,9,0.7778
2024-09-13,4,Orthopedics,8,9,0.8889
2024-09-14,4,Orthopedics,5,9,0.5556
2024-09-15,4,Orthopedics,4,9,0.4444
2024-09-16,4,Orthopedics,5,9,0.5556
2024-09-17,4,Orthopedics,4,9,0.4444
2024-09-18,4,Orthopedics,4,9,0.4444
2024-09-19,4,Orthopedics,5,9,0.5556
2024-09-20,4,Orthopedics,4,9,0.4444
2024-09-21,4,Orthopedics,5,9,0.5556
2024-09-22,4,Orthopedics,5,9,0.5556
2024-09-23,4,Orthopedics,5,9,0.5556
2024-09-24,4,Orthopedics,6,9,0.6667
2024-09-25,4,Orthopedics,5,9,0.5556
2024-09-26,4,Orthopedics,4,9,0.4444
2024-09-27,4,Orthopedics,5,9,0.5556
2024-09-28,4,Orthopedics,5,9,0.5556
2024-09-29,4,Orthopedics,4,9,0.4444
2024-09-30,4,Orthopedics,3,9,0.3333
2024-10-01,4,Orthopedics,5,9,0.5556
2024-10-02,4,Orthopedics,5,9,0.5556
2024-10-03,4,Orthopedics,3,9,0.3333
2024-10-04,4,Orthopedics,4,9,0.4444
2024-10-05,4,Orthopedics,3,9,0.3333
2024-10-06,4,Orthopedics,5,9,0.5556
2024-10-07,4,Orthopedics,6,9,0.6667
2024-10-08,4,Orthopedics,6,9,0.6667
2024-10-09,4,Orthopedics,7,9,0.7778
2024-10-10,4,Orthopedics,8,9,0.8889
2024-10-11,4,Orthopedics,10,9,1.1111
2024-10-12,4,Orthopedics,9,9,1.0
2024-10-13,4,Orthopedics,10,9,1.1111
2024-10-14,4,Orthopedics,6,9,0.6667
2024-10-15,4,Orthopedics,4,9,0.4444
2024-10-16,4,Orthopedics,3,9,0.3333
2024-10-17,4,Orthopedics,4,9,0.4444
2024-10-18,4,Orthopedics,2,9,0.2222
2024-10-19,4,Orthopedics,3,9,0.3333
2024-10-20,4,Orthopedics,2,9,0.2222
2024-10-21,4,Orthopedics,3,9,0.3333
2024-10-22,4,Orthopedics,2,9,0.2222
2024-10-23,4,Orthopedics,1,9,0.1111
2024-10-24,4,Orthopedics,1,9,0.1111
2024-10-25,4,Orthopedics,0,9,0.0
2024-10-26,4,Orthopedics,0,9,0.0
2024-10-27,4,Orthopedics,1,9,0.1111
2024-10-28,4,Orthopedics,3,9,0.3333
2024-10-29,4,Orthopedics,3,9,0.3333
2024-10-30,4,Orthopedics,2,9,0.2222
2024-10-31,4,Orthopedics,4,9,0.4444
2024-11-01,4,Orthopedics,2,9,0.2222
2024-11-02,4,Orthopedics,2,9,0.2222
2024-11-03,4,Orthopedics,2,9,0.2222
2024-11-04,4,Orthopedics,3,9,0.3333
2024-11-05,4,Orthopedics,3,9,0.3333
2024-11-06,4,Orthopedics,3,9,0.3333
2024-11-07,4,Orthopedics,4,9,0.4444
2024-11-08,4,Orthopedics,4,9,0.4444
2024-11-09,4,Orthopedics,4,9,0.4444
2024-11-10,4,Orthopedics,4,9,0.4444
2024-11-11,4,Orthopedics,4,9,0.4444
2024-11-12,4,Orthopedics,5,9,0.5556
2024-11-13,4,Orthopedics,2,9,0.2222
2024-11-14,4,Orthopedics,3,9,0.3333
2024-11-15,4,Orthopedics,3,9,0.3333
2024-11-16,4,Orthopedics,3,9,0.3333
2024-11-17,4,Orthopedics,4,9,0.4444
2024-11-18,4,Orthopedics,3,9,0.3333
2024-11-19,4,Orthopedics,4,9,0.4444
2024-11-20,4,Orthopedics,1,9,0.1111
2024-11-21,4,Orthopedics,2,9,0.2222
2024-11-22,4,Orthopedics,4,9,0.4444
2024-11-23,4,Orthopedics,5,9,0.5556
2024-11-24,4,Orthopedics,6,9,0.6667
2024-11-25,4,Orthopedics,5,9,0.5556
2024-11-26,4,Orthopedics,5,9,0.5556
2024-11-27,4,Orthopedics,5,9,0.5556
2024-11-28,4,Orthopedics,7,9,0.7778
2024-11-29,4,Orthopedics,6,9,0.6667
2024-11-30,4,Orthopedics,6,9,0.6667
2024-12-01,4,Orthopedics,3,9,0.3333
2024-12-02,4,Orthopedics,4,9,0.4444
2024-12-03,4,Orthopedics,4,9,0.4444
2024-12-04,4,Orthopedics,6,9,0.6667
2024-12-05,4,Orthopedics,5,9,0.5556
2024-12-06,4,Orthopedics,3,9,0.3333
2024-12-07,4,Orthopedics,6,9,0.6667
2024-12-08,4,Orthopedics,4,9,0.4444
2024-12-09,4,Orthopedics,5,9,0.5556
2024-12-10,4,Orthopedics,4,9,0.4444
2024-12-11,4,Orthopedics,4,9,0.4444
2024-12-12,4,Orthopedics,4,9,0.4444
2024-12-13,4,Orthopedics,5,9,0.5556
2024-12-14,4,Orthopedics,7,9,0.7778
2024-12-15,4,Orthopedics,5,9,0.5556
2024-12-16,4,Orthopedics,7,9,0.7778
2024-12-17,4,Orthopedics,6,9,0.6667
2024-12-18,4,Orthopedics,5,9,0.5556
2024-12-19,4,Orthopedics,6,9,0.6667
2024-12-20,4,Orthopedics,6,9,0.6667
2024-12-21,4,Orthopedics,5,9,0.5556
2024-12-22,4,Orthopedics,6,9,0.6667
2024-12-23,4,Orthopedics,8,9,0.8889
2024-12-24,4,Orthopedics,9,9,1.0
2024-12-25,4,Orthopedics,8,9,0.8889
2024-12-26,4,Orthopedics,10,9,1.1111
2024-12-27,4,Orthopedics,5,9,0.5556
2024-12-28,4,Orthopedics,4,9,0.4444
2024-12-29,4,Orthopedics,5,9,0.5556
2024-12-30,4,Orthopedics,7,9,0.7778
2024-12-31,4,Orthopedics,6,9,0.6667
2025-01-01,4,Orthopedics,6,9,0.6667
2025-01-02,4,Orthopedics,6,9,0.6667
2025-01-03,4,Orthopedics,8,9,0.8889
2025-01-04,4,Orthopedics,8,9,0.8889
2025-01-05,4,Orthopedics,8,9,0.8889
2025-01-06,4,Orthopedics,8,9,0.8889
2025-01-07,4,Orthopedics,5,9,0.5556
2025-01-08,4,Orthopedics,7,9,0.7778
2025-01-09,4,Orthopedics,6,9,0.6667
2025-01-10,4,Orthopedics,5,9,0.5556
2025-01-11,4,Orthopedics,4,9,0.4444
2025-01-12,4,Orthopedics,5,9,0.5556
2025-01-13,4,Orthopedics,5,9,0.5556
2025-01-14,4,Orthopedics,6,9,0.6667
2025-01-15,4,Orthopedics,7,9,0.7778
2025-01-16,4,Orthopedics,7,9,0.7778
2025-01-17,4,Orthopedics,6,9,0.6667
2025-01-18,4,Orthopedics,5,9,0.5556
2025-01-19,4,Orthopedics,5,9,0.5556
2025-01-20,4,Orthopedics,4,9,0.4444
2025-01-21,4,Orthopedics,6,9,0.6667
2025-01-22,4,Orthopedics,5,9,0.5556
2025-01-23,4,Orthopedics,2,9,0.2222
2025-01-24,4,Orthopedics,3,9,0.3333
2025-01-25,4,Orthopedics,3,9,0.3333
2025-01-26,4,Orthopedics,4,9,0.4444
2025-01-27,4,Orthopedics,5,9,0.5556
2025-01-28,4,Orthopedics,6,9,0.6667
2025-01-29,4,Orthopedics,7,9,0.7778
2025-01-30,4,Orthopedics,7,9,0.7778
2025-01-31,4,Orthopedics,8,9,0.8889
2025-02-01,4,Orthopedics,8,9,0.8889
2025-02-02,4,Orthopedics,4,9,0.4444
2025-02-03,4,Orthopedics,5,9,0.5556
2025-02-04,4,Orthopedics,8,9,0.8889
2025-02-05,4,Orthopedics,8,9,0.8889
2025-02-06,4,Orthopedics,6,9,0.6667
2025-02-07,4,Orthopedics,3,9,0.3333
2025-02-08,4,Orthopedics,4,9,0.4444
2025-02-09,4,Orthopedics,3,9,0.3333
2025-02-10,4,Orthopedics,2,9,0.2222
2025-02-11,4,Orthopedics,2,9,0.2222
2025-02-12,4,Orthopedics,4,9,0.4444
2025-02-13,4,Orthopedics,6,9,0.6667
2025-02-14,4,Orthopedics,5,9,0.5556
2025-02-15,4,Orthopedics,7,9,0.7778
2025-02-16,4,Orthopedics,5,9,0.5556
2025-02-17,4,Orthopedics,3,9,0.3333
2025-02-18,4,Orthopedics,2,9,0.2222
2025-02-19,4,Orthopedics,0,9,0.0
2025-02-20,4,Orthopedics,0,9,0.0
2025-02-21,4,Orthopedics,1,9,0.1111
2025-02-22,4,Orthopedics,3,9,0.3333
2025-02-23,4,Orthopedics,5,9,0.5556
2025-02-24,4,Orthopedics,5,9,0.5556
2025-02-25,4,Orthopedics,5,9,0.5556
2025-02-26,4,Orthopedics,5,9,0.5556
2025-02-27,4,Orthopedics,4,9,0.4444
2025-02-28,4,Orthopedics,7,9,0.7778
2025-03-01,4,Orthopedics,8,9,0.8889
2025-03-02,4,Orthopedics,8,9,0.8889
2025-03-03,4,Orthopedics,7,9,0.7778
2025-03-04,4,Orthopedics,10,9,1.1111
2025-03-05,4,Orthopedics,11,9,1.2222
2025-03-06,4,Orthopedics,6,9,0.6667
2025-03-07,4,Orthopedics,7,9,0.7778
2025-03-08,4,Orthopedics,7,9,0.7778
2025-03-09,4,Orthopedics,4,9,0.4444
2025-03-10,4,Orthopedics,3,9,0.3333
2025-03-11,4,Orthopedics,4,9,0.4444
2025-03-12,4,Orthopedics,2,9,0.2222
2025-03-13,4,Orthopedics,4,9,0.4444
2025-03-14,4,Orthopedics,3,9,0.3333
2025-03-15,4,Orthopedics,5,9,0.5556
2025-03-16,4,Orthopedics,6,9,0.6667
2025-03-17,4,Orthopedics,7,9,0.7778
2025-03-18,4,Orthopedics,6,9,0.6667
2025-03-19,4,Orthopedics,6,9,0.6667
2025-03-20,4,Orthopedics,6,9,0.6667
2025-03-21,4,Orthopedics,6,9,0.6667
2025-03-22,4,Orthopedics,4,9,0.4444
2025-03-23,4,Orthopedics,5,9,0.5556
2025-03-24,4,Orthopedics,7,9,0.7778
2025-03-25,4,Orthopedics,8,9,0.8889
2025-03-26,4,Orthopedics,9,9,1.0
2025-03-27,4,Orthopedics,7,9,0.7778
2025-03-28,4,Orthopedics,5,9,0.5556
2025-03-29,4,Orthopedics,3,9,0.3333
2025-03-30,4,Orthopedics,3,9,0.3333
2025-03-31,4,Orthopedics,3,9,0.3333
2025-04-01,4,Orthopedics,2,9,0.2222
2025-04-02,4,Orthopedics,3,9,0.3333
2025-04-03,4,Orthopedics,2,9,0.2222
2025-04-04,4,Orthopedics,5,9,0.5556
2025-04-05,4,Orthopedics,4,9,0.4444
2025-04-06,4,Orthopedics,6,9,0.6667
2025-04-07,4,Orthopedics,6,9,0.6667
2025-04-08,4,Orthopedics,4,9,0.4444
2025-04-09,4,Orthopedics,7,9,0.7778
2025-04-10,4,Orthopedics,6,9,0.6667
2025-04-11,4,Orthopedics,6,9,0.6667
2025-04-12,4,Orthopedics,5,9,0.5556
2025-04-13,4,Orthopedics,6,9,0.6667
2025-04-14,4,Orthopedics,6,9,0.6667
2025-04-15,4,Orthopedics,5,9,0.5556
2025-04-16,4,Orthopedics,6,9,0.6667
2025-04-17,4,Orthopedics,4,9,0.4444
2025-04-18,4,Orthopedics,4,9,0.4444
2025-04-19,4,Orthopedics,6,9,0.6667
2025-04-20,4,Orthopedics,8,9,0.8889
2025-04-21,4,Orthopedics,7,9,0.7778
2025-04-22,4,Orthopedics,10,9,1.1111
2025-04-23,4,Orthopedics,8,9,0.8889
2025-04-24,4,Orthopedics,6,9,0.6667
2025-04-25,4,Orthopedics,5,9,0.5556
2025-04-26,4,Orthopedics,7,9,0.7778
2025-04-27,4,Orthopedics,5,9,0.5556
2025-04-28,4,Orthopedics,1,9,0.1111
2025-04-29,4,Orthopedics,1,9,0.1111
2025-04-30,4,Orthopedics,2,9,0.2222
2025-05-01,4,Orthopedics,4,9,0.4444
2025-05-02,4,Orthopedics,8,9,0.8889
2025-05-03,4,Orthopedics,7,9,0.7778
2025-05-04,4,Orthopedics,5,9,0.5556
2025-05-05,4,Orthopedics,7,9,0.7778
2025-05-06,4,Orthopedics,6,9,0.6667
2025-05-07,4,Orthopedics,6,9,0.6667
2025-05-08,4,Orthopedics,6,9,0.6667
2025-05-09,4,Orthopedics,4,9,0.4444
2025-05-10,4,Orthopedics,5,9,0.5556
2025-05-11,4,Orthopedics,7,9,0.7778
2025-05-12,4,Orthopedics,7,9,0.7778
2025-05-13,4,Orthopedics,8,9,0.8889
2025-05-14,4,Orthopedics,7,9,0.7778
2025-05-15,4,Orthopedics,7,9,0.7778
2025-05-16,4,Orthopedics,6,9,0.6667
2025-05-17,4,Orthopedics,5,9,0.5556
2025-05-18,4,Orthopedics,5,9,0.5556
2025-05-19,4,Orthopedics,5,9,0.5556
2025-05-20,4,Orthopedics,6,9,0.6667
2025-05-21,4,Orthopedics,9,9,1.0
2025-05-22,4,Orthopedics,10,9,1.1111
2025-05-23,4,Orthopedics,9,9,1.0
2025-05-24,4,Orthopedics,7,9,0.7778
2025-05-25,4,Orthopedics,7,9,0.7778
2025-05-26,4,Orthopedics,7,9,0.7778
2025-05-27,4,Orthopedics,6,9,0.6667
2025-05-28,4,Orthopedics,3,9,0.3333
2025-05-29,4,Orthopedics,3,9,0.3333
2025-05-30,4,Orthopedics,4,9,0.4444
2025-05-31,4,Orthopedics,4,9,0.4444
2025-06-01,4,Orthopedics,7,9,0.7778
2025-06-02,4,Orthopedics,8,9,0.8889
2025-06-03,4,Orthopedics,6,9,0.6667
2025-06-04,4,Orthopedics,7,9,0.7778
2025-06-05,4,Orthopedics,3,9,0.3333
2025-06-06,4,Orthopedics,4,9,0.4444
2025-06-07,4,Orthopedics,4,9,0.4444
2025-06-08,4,Orthopedics,4,9,0.4444
2025-06-09,4,Orthopedics,6,9,0.6667
2025-06-10,4,Orthopedics,5,9,0.5556
2025-06-11,4,Orthopedics,5,9,0.5556
2025-06-12,4,Orthopedics,7,9,0.7778
2025-06-13,4,Orthopedics,7,9,0.7778
2025-06-14,4,Orthopedics,8,9,0.8889
2025-06-15,4,Orthopedics,9,9,1.0
2025-06-16,4,Orthopedics,7,9,0.7778
2025-06-17,4,Orthopedics,9,9,1.0
2025-06-18,4,Orthopedics,12,9,1.3333
2025-06-19,4,Orthopedics,9,9,1.0
2025-06-20,4,Orthopedics,7,9,0.7778
2025-06-21,4,Orthopedics,9,9,1.0
2025-06-22,4,Orthopedics,5,9,0.5556
2025-06-23,4,Orthopedics,5,9,0.5556
2025-06-24,4,Orthopedics,6,9,0.6667
2025-06-25,4,Orthopedics,4,9,0.4444
2025-06-26,4,Orthopedics,5,9,0.5556
2025-06-27,4,Orthopedics,7,9,0.7778
2025-06-28,4,Orthopedics,7,9,0.7778
2025-06-29,4,Orthopedics,4,9,0.4444
2025-06-30,4,Orthopedics,6,9,0.6667
2025-07-01,4,Orthopedics,8,9,0.8889
2025-07-02,4,Orthopedics,8,9,0.8889
2025-07-03,4,Orthopedics,6,9,0.6667
2025-07-04,4,Orthopedics,6,9,0.6667
2025-07-05,4,Orthopedics,8,9,0.8889
2025-07-06,4,Orthopedics,8,9,0.8889
2025-07-07,4,Orthopedics,9,9,1.0
2025-07-08,4,Orthopedics,8,9,0.8889
2025-07-09,4,Orthopedics,7,9,0.7778
2025-07-10,4,Orthopedics,9,9,1.0
2025-07-11,4,Orthopedics,6,9,0.6667
2025-07-12,4,Orthopedics,6,9,0.6667
2025-07-13,4,Orthopedics,5,9,0.5556
2025-07-14,4,Orthopedics,4,9,0.4444
2025-07-15,4,Orthopedics,5,9,0.5556
2025-07-16,4,Orthopedics,3,9,0.3333
2025-07-17,4,Orthopedics,5,9,0.5556
2025-07-18,4,Orthopedics,5,9,0.5556
2025-07-19,4,Orthopedics,5,9,0.5556
2025-07-20,4,Orthopedics,6,9,0.6667
2025-07-21,4,Orthopedics,4,9,0.4444
2025-07-22,4,Orthopedics,3,9,0.3333
2025-07-23,4,Orthopedics,3,9,0.3333
2025-07-24,4,Orthopedics,3,9,0.3333
2025-07-25,4,Orthopedics,5,9,0.5556
2025-07-26,4,Orthopedics,6,9,0.6667
2025-07-27,4,Orthopedics,5,9,0.5556
2025-07-28,4,Orthopedics,4,9,0.4444
2025-07-29,4,Orthopedics,3,9,0.3333
2025-07-30,4,Orthopedics,3,9,0.3333
2025-07-31,4,Orthopedics,4,9,0.4444
2025-08-01,4,Orthopedics,5,9,0.5556
2025-08-02,4,Orthopedics,7,9,0.7778
2025-08-03,4,Orthopedics,7,9,0.7778
2025-08-04,4,Orthopedics,3,9,0.3333
2025-08-05,4,Orthopedics,3,9,0.3333
2025-08-06,4,Orthopedics,2,9,0.2222
2025-08-07,4,Orthopedics,3,9,0.3333
2025-08-08,4,Orthopedics,3,9,0.3333
2025-08-09,4,Orthopedics,7,9,0.7778
2025-08-10,4,Orthopedics,8,9,0.8889
2025-08-11,4,Orthopedics,6,9,0.6667
2025-08-12,4,Orthopedics,6,9,0.6667
2025-08-13,4,Orthopedics,8,9,0.8889
2025-08-14,4,Orthopedics,9,9,1.0
2025-08-15,4,Orthopedics,7,9,0.7778
2025-08-16,4,Orthopedics,5,9,0.5556
2025-08-17,4,Orthopedics,4,9,0.4444
2025-08-18,4,Orthopedics,3,9,0.3333
2025-08-19,4,Orthopedics,3,9,0.3333
2025-08-20,4,Orthopedics,2,9,0.2222
2025-08-21,4,Orthopedics,3,9,0.3333
2025-08-22,4,Orthopedics,4,9,0.4444
2025-08-23,4,Orthopedics,3,9,0.3333
2025-08-24,4,Orthopedics,4,9,0.4444
2025-08-25,4,Orthopedics,5,9,0.5556
2025-08-26,4,Orthopedics,5,9,0.5556
2025-08-27,4,Orthopedics,6,9,0.6667
2025-08-28,4,Orthopedics,7,9,0.7778
2025-08-29,4,Orthopedics,7,9,0.7778
2025-08-30,4,Orthopedics,6,9,0.6667
2025-08-31,4,Orthopedics,5,9,0.5556
2025-09-01,4,Orthopedics,6,9,0.6667
2025-09-02,4,Orthopedics,2,9,0.2222
2025-09-03,4,Orthopedics,2,9,0.2222
2025-09-04,4,Orthopedics,1,9,0.1111
2025-09-05,4,Orthopedics,1,9,0.1111
2025-09-06,4,Orthopedics,2,9,0.2222
2025-09-07,4,Orthopedics,3,9,0.3333
2025-09-08,4,Orthopedics,3,9,0.3333
2025-09-09,4,Orthopedics,3,9,0.3333
2025-09-10,4,Orthopedics,3,9,0.3333
2025-09-11,4,Orthopedics,4,9,0.4444
2025-09-12,4,Orthopedics,5,9,0.5556
2025-09-13,4,Orthopedics,8,9,0.8889
2025-09-14,4,Orthopedics,9,9,1.0
2025-09-15,4,Orthopedics,9,9,1.0
2025-09-16,4,Orthopedics,9,9,1.0
2025-09-17,4,Orthopedics,8,9,0.8889
2025-09-18,4,Orthopedics,9,9,1.0
2025-09-19,4,Orthopedics,8,9,0.8889
2025-09-20,4,Orthopedics,7,9,0.7778
2025-09-21,4,Orthopedics,7,9,0.7778
2025-09-22,4,Orthopedics,8,9,0.8889
2025-09-23,4,Orthopedics,10,9,1.1111
2025-09-24,4,Orthopedics,10,9,1.1111
2025-09-25,4,Orthopedics,7,9,0.7778
2025-09-26,4,Orthopedics,4,9,0.4444
2025-09-27,4,Orthopedics,2,9,0.2222
2025-09-28,4,Orthopedics,1,9,0.1111
2025-09-29,4,Orthopedics,2,9,0.2222
2025-09-30,4,Orthopedics,1,9,0.1111
2025-10-01,4,Orthopedics,3,9,0.3333
2025-10-02,4,Orthopedics,4,9,0.4444
2025-10-03,4,Orthopedics,5,9,0.5556
2025-10-04,4,Orthopedics,6,9,0.6667
2025-10-05,4,Orthopedics,5,9,0.5556
2025-10-06,4,Orthopedics,4,9,0.4444
2025-10-07,4,Orthopedics,4,9,0.4444
2025-10-08,4,Orthopedics,4,9,0.4444
2025-10-09,4,Orthopedics,4,9,0.4444
2025-10-10,4,Orthopedics,4,9,0.4444
2025-10-11,4,Orthopedics,3,9,0.3333
2025-10-12,4,Orthopedics,4,9,0.4444
2025-10-13,4,Orthopedics,4,9,0.4444
2025-10-14,4,Orthopedics,5,9,0.5556
2025-10-15,4,Orthopedics,8,9,0.8889
2025-10-16,4,Orthopedics,9,9,1.0
2025-10-17,4,Orthopedics,9,9,1.0
2025-10-18,4,Orthopedics,7,9,0.7778
2025-10-19,4,Orthopedics,5,9,0.5556
2025-10-20,4,Orthopedics,6,9,0.6667
2025-10-21,4,Orthopedics,5,9,0.5556
2025-10-22,4,Orthopedics,5,9,0.5556
2025-10-23,4,Orthopedics,8,9,0.8889
2025-10-24,4,Orthopedics,7,9,0.7778
2025-10-25,4,Orthopedics,6,9,0.6667
2025-10-26,4,Orthopedics,5,9,0.5556
2025-10-27,4,Orthopedics,4,9,0.4444
2025-10-28,4,Orthopedics,4,9,0.4444
2025-10-29,4,Orthopedics,4,9,0.4444
2025-10-30,4,Orthopedics,4,9,0.4444
2025-10-31,4,Orthopedics,5,9,0.5556
2025-11-01,4,Orthopedics,3,9,0.3333
2025-11-02,4,Orthopedics,4,9,0.4444
2025-11-03,4,Orthopedics,4,9,0.4444
2025-11-04,4,Orthopedics,2,9,0.2222
2025-11-05,4,Orthopedics,2,9,0.2222
2025-11-06,4,Orthopedics,2,9,0.2222
2025-11-07,4,Orthopedics,2,9,0.2222
2025-11-08,4,Orthopedics,4,9,0.4444
2025-11-09,4,Orthopedics,5,9,0.5556
2025-11-10,4,Orthopedics,7,9,0.7778
2025-11-11,4,Orthopedics,7,9,0.7778
2025-11-12,4,Orthopedics,10,9,1.1111
2025-11-13,4,Orthopedics,8,9,0.8889
2025-11-14,4,Orthopedics,7,9,0.7778
2025-11-15,4,Orthopedics,5,9,0.5556
2025-11-16,4,Orthopedics,6,9,0.6667
2025-11-17,4,Orthopedics,5,9,0.5556
2025-11-18,4,Orthopedics,4,9,0.4444
2025-11-19,4,Orthopedics,4,9,0.4444
2025-11-20,4,Orthopedics,5,9,0.5556
2025-11-21,4,Orthopedics,6,9,0.6667
2025-11-22,4,Orthopedics,5,9,0.5556
2025-11-23,4,Orthopedics,6,9,0.6667
2025-11-24,4,Orthopedics,7,9,0.7778
2025-11-25,4,Orthopedics,7,9,0.7778
2025-11-26,4,Orthopedics,9,9,1.0
2025-11-27,4,Orthopedics,9,9,1.0
2025-11-28,4,Orthopedics,8,9,0.8889
2025-11-29,4,Orthopedics,8,9,0.8889
2025-11-30,4,Orthopedics,7,9,0.7778
2025-12-01,4,Orthopedics,5,9,0.5556
2025-12-02,4,Orthopedics,5,9,0.5556
2025-12-03,4,Orthopedics,4,9,0.4444
2025-12-04,4,Orthopedics,3,9,0.3333
2025-12-05,4,Orthopedics,2,9,0.2222
2025-12-06,4,Orthopedics,2,9,0.2222
2025-12-07,4,Orthopedics,1,9,0.1111
2025-12-08,4,Orthopedics,3,9,0.3333
2025-12-09,4,Orthopedics,3,9,0.3333
2025-12-10,4,Orthopedics,5,9,0.5556
2025-12-11,4,Orthopedics,4,9,0.4444
2025-12-12,4,Orthopedics,5,9,0.5556
2025-12-13,4,Orthopedics,6,9,0.6667
2025-12-14,4,Orthopedics,5,9,0.5556
2025-12-15,4,Orthopedics,4,9,0.4444
2025-12-16,4,Orthopedics,4,9,0.4444
2025-12-17,4,Orthopedics,6,9,0.6667
2025-12-18,4,Orthopedics,3,9,0.3333
2025-12-19,4,Orthopedics,2,9,0.2222
2025-12-20,4,Orthopedics,3,9,0.3333
2025-12-21,4,Orthopedics,5,9,0.5556
2025-12-22,4,Orthopedics,7,9,0.7778
2025-12-23,4,Orthopedics,9,9,1.0
2025-12-24,4,Orthopedics,8,9,0.8889
2025-12-25,4,Orthopedics,8,9,0.8889
2025-12-26,4,Orthopedics,8,9,0.8889
2025-12-27,4,Orthopedics,7,9,0.7778
2025-12-28,4,Orthopedics,10,9,1.1111
2025-12-29,4,Orthopedics,12,9,1.3333
2025-12-30,4,Orthopedics,11,9,1.2222
2025-12-31,4,Orthopedics,7,9,0.7778
2026-01-01,4,Orthopedics,6,9,0.6667
2026-01-02,4,Orthopedics,5,9,0.5556
2026-01-03,4,Orthopedics,4,9,0.4444
2026-01-04,4,Orthopedics,4,9,0.4444
2026-01-05,4,Orthopedics,4,9,0.4444
2026-01-06,4,Orthopedics,5,9,0.5556
2026-01-07,4,Orthopedics,3,9,0.3333
2026-01-08,4,Orthopedics,4,9,0.4444
2026-01-09,4,Orthopedics,5,9,0.5556
2026-01-10,4,Orthopedics,9,9,1.0
2026-01-11,4,Orthopedics,8,9,0.8889
2026-01-12,4,Orthopedics,5,9,0.5556
2026-01-13,4,Orthopedics,4,9,0.4444
2026-01-14,4,Orthopedics,6,9,0.6667
2026-01-15,4,Orthopedics,2,9,0.2222
2026-01-16,4,Orthopedics,1,9,0.1111
2026-01-17,4,Orthopedics,3,9,0.3333
2026-01-18,4,Orthopedics,4,9,0.4444
2026-01-19,4,Orthopedics,3,9,0.3333
2026-01-20,4,Orthopedics,1,9,0.1111
2026-01-21,4,Orthopedics,1,9,0.1111
2026-01-22,4,Orthopedics,0,9,0.0
2026-01-23,4,Orthopedics,1,9,0.1111
2026-01-24,4,Orthopedics,2,9,0.2222
2026-01-25,4,Orthopedics,2,9,0.2222
2026-01-26,4,Orthopedics,2,9,0.2222
2026-01-27,4,Orthopedics,2,9,0.2222
2026-01-28,4,Orthopedics,1,9,0.1111
2026-01-29,4,Orthopedics,3,9,0.3333
2026-01-30,4,Orthopedics,3,9,0.3333
2026-01-31,4,Orthopedics,6,9,0.6667
2026-02-01,4,Orthopedics,8,9,0.8889
2026-02-02,4,Orthopedics,7,9,0.7778
2026-02-03,4,Orthopedics,7,9,0.7778
2026-02-04,4,Orthopedics,6,9,0.6667
2026-02-05,4,Orthopedics,6,9,0.6667
2026-02-06,4,Orthopedics,3,9,0.3333
2026-02-07,4,Orthopedics,4,9,0.4444
2026-02-08,4,Orthopedics,4,9,0.4444
2026-02-09,4,Orthopedics,4,9,0.4444
2026-02-10,4,Orthopedics,4,9,0.4444
2026-02-11,4,Orthopedics,5,9,0.5556
2026-02-12,4,Orthopedics,5,9,0.5556
2026-02-13,4,Orthopedics,3,9,0.3333
2026-02-14,4,Orthopedics,7,9,0.7778
2026-02-15,4,Orthopedics,5,9,0.5556
2026-02-16,4,Orthopedics,5,9,0.5556
2026-02-17,4,Orthopedics,6,9,0.6667
2026-02-18,4,Orthopedics,5,9,0.5556
2026-02-19,4,Orthopedics,7,9,0.7778
2026-02-20,4,Orthopedics,5,9,0.5556
2026-02-21,4,Orthopedics,4,9,0.4444
2026-02-22,4,Orthopedics,3,9,0.3333
2026-02-23,4,Orthopedics,4,9,0.4444
2026-02-24,4,Orthopedics,4,9,0.4444
2026-02-25,4,Orthopedics,3,9,0.3333
2026-02-26,4,Orthopedics,5,9,0.5556
2026-02-27,4,Orthopedics,4,9,0.4444
2026-02-28,4,Orthopedics,5,9,0.5556
2026-03-01,4,Orthopedics,6,9,0.6667
2026-03-02,4,Orthopedics,5,9,0.5556
2026-03-03,4,Orthopedics,4,9,0.4444
2026-03-04,4,Orthopedics,5,9,0.5556
2026-03-05,4,Orthopedics,7,9,0.7778
2026-03-06,4,Orthopedics,7,9,0.7778
2026-03-07,4,Orthopedics,7,9,0.7778
2026-03-08,4,Orthopedics,6,9,0.6667
2026-03-09,4,Orthopedics,5,9,0.5556
2026-03-10,4,Orthopedics,5,9,0.5556
2026-03-11,4,Orthopedics,6,9,0.6667
2026-03-12,4,Orthopedics,6,9,0.6667
2026-03-13,4,Orthopedics,10,9,1.1111
2026-03-14,4,Orthopedics,5,9,0.5556
2026-03-15,4,Orthopedics,6,9,0.6667
2026-03-16,4,Orthopedics,5,9,0.5556
2026-03-17,4,Orthopedics,3,9,0.3333
2026-03-18,4,Orthopedics,4,9,0.4444
2026-03-19,4,Orthopedics,3,9,0.3333
2026-03-20,4,Orthopedics,6,9,0.6667
2026-03-21,4,Orthopedics,5,9,0.5556
2026-03-22,4,Orthopedics,4,9,0.4444
2026-03-23,4,Orthopedics,7,9,0.7778
2026-03-24,4,Orthopedics,7,9,0.7778
2026-03-25,4,Orthopedics,6,9,0.6667
2026-03-26,4,Orthopedics,6,9,0.6667
2026-03-27,4,Orthopedics,5,9,0.5556
2026-03-28,4,Orthopedics,5,9,0.5556
2026-03-29,4,Orthopedics,5,9,0.5556
2026-03-30,4,Orthopedics,6,9,0.6667
2026-03-31,4,Orthopedics,5,9,0.5556
2026-04-01,4,Orthopedics,4,9,0.4444
2026-04-02,4,Orthopedics,2,9,0.2222
2026-04-03,4,Orthopedics,1,9,0.1111
2026-04-04,4,Orthopedics,2,9,0.2222
2026-04-05,4,Orthopedics,2,9,0.2222
2026-04-06,4,Orthopedics,2,9,0.2222
2026-04-07,4,Orthopedics,3,9,0.3333
2026-04-08,4,Orthopedics,3,9,0.3333
2026-04-09,4,Orthopedics,2,9,0.2222
2026-04-10,4,Orthopedics,2,9,0.2222
2026-04-11,4,Orthopedics,4,9,0.4444
2026-04-12,4,Orthopedics,5,9,0.5556
2026-04-13,4,Orthopedics,7,9,0.7778
2026-04-14,4,Orthopedics,9,9,1.0
2026-04-15,4,Orthopedics,9,9,1.0
2026-04-16,4,Orthopedics,8,9,0.8889
2026-04-17,4,Orthopedics,7,9,0.7778
2026-04-18,4,Orthopedics,5,9,0.5556
2026-04-19,4,Orthopedics,4,9,0.4444
2026-04-20,4,Orthopedics,3,9,0.3333
2026-04-21,4,Orthopedics,5,9,0.5556
2026-04-22,4,Orthopedics,5,9,0.5556
2026-04-23,4,Orthopedics,4,9,0.4444
2026-04-24,4,Orthopedics,5,9,0.5556
2026-04-25,4,Orthopedics,3,9,0.3333
2026-04-26,4,Orthopedics,3,9,0.3333
2026-04-27,4,Orthopedics,3,9,0.3333
2026-04-28,4,Orthopedics,3,9,0.3333
2026-04-29,4,Orthopedics,7,9,0.7778
2026-04-30,4,Orthopedics,7,9,0.7778
2026-05-01,4,Orthopedics,6,9,0.6667
2026-05-02,4,Orthopedics,6,9,0.6667
2026-05-03,4,Orthopedics,5,9,0.5556
2026-05-04,4,Orthopedics,4,9,0.4444
2026-05-05,4,Orthopedics,4,9,0.4444
2026-05-06,4,Orthopedics,4,9,0.4444
2026-05-07,4,Orthopedics,4,9,0.4444
2026-05-08,4,Orthopedics,6,9,0.6667
2026-05-09,4,Orthopedics,5,9,0.5556
2026-05-10,4,Orthopedics,5,9,0.5556
2026-05-11,4,Orthopedics,5,9,0.5556
2026-05-12,4,Orthopedics,6,9,0.6667
2026-05-13,4,Orthopedics,5,9,0.5556
2026-05-14,4,Orthopedics,4,9,0.4444
2026-05-15,4,Orthopedics,3,9,0.3333
2026-05-16,4,Orthopedics,3,9,0.3333
2026-05-17,4,Orthopedics,2,9,0.2222
2026-05-18,4,Orthopedics,2,9,0.2222
2026-05-19,4,Orthopedics,2,9,0.2222
2026-05-20,4,Orthopedics,2,9,0.2222
2026-05-21,4,Orthopedics,2,9,0.2222
2026-05-22,4,Orthopedics,1,9,0.1111
2026-05-23,4,Orthopedics,2,9,0.2222
2026-05-24,4,Orthopedics,3,9,0.3333
2026-05-25,4,Orthopedics,6,9,0.6667
2026-05-26,4,Orthopedics,5,9,0.5556
2026-05-27,4,Orthopedics,5,9,0.5556
2026-05-28,4,Orthopedics,6,9,0.6667
2026-05-29,4,Orthopedics,6,9,0.6667
2026-05-30,4,Orthopedics,9,9,1.0
2026-05-31,4,Orthopedics,9,9,1.0
2026-06-01,4,Orthopedics,7,9,0.7778
2026-06-02,4,Orthopedics,7,9,0.7778
2026-06-03,4,Orthopedics,8,9,0.8889
2026-06-04,4,Orthopedics,6,9,0.6667
2026-06-05,4,Orthopedics,4,9,0.4444
2026-06-06,4,Orthopedics,5,9,0.5556
2026-06-07,4,Orthopedics,5,9,0.5556
2026-06-08,4,Orthopedics,4,9,0.4444
2026-06-09,4,Orthopedics,3,9,0.3333
2026-06-10,4,Orthopedics,4,9,0.4444
2026-06-11,4,Orthopedics,6,9,0.6667
2026-06-12,4,Orthopedics,6,9,0.6667
2026-06-13,4,Orthopedics,7,9,0.7778
2026-06-14,4,Orthopedics,7,9,0.7778
2026-06-15,4,Orthopedics,7,9,0.7778
2026-06-16,4,Orthopedics,6,9,0.6667
2026-06-17,4,Orthopedics,5,9,0.5556
2026-06-18,4,Orthopedics,6,9,0.6667
2026-06-19,4,Orthopedics,8,9,0.8889
2026-06-20,4,Orthopedics,7,9,0.7778
2026-06-21,4,Orthopedics,8,9,0.8889
2026-06-22,4,Orthopedics,11,9,1.2222
2026-06-23,4,Orthopedics,9,9,1.0
2026-06-24,4,Orthopedics,7,9,0.7778
2026-06-25,4,Orthopedics,8,9,0.8889
2026-06-26,4,Orthopedics,8,9,0.8889
2026-06-27,4,Orthopedics,4,9,0.4444
2026-06-28,4,Orthopedics,4,9,0.4444
2026-06-29,4,Orthopedics,4,9,0.4444
2026-06-30,4,Orthopedics,5,9,0.5556
2026-07-01,4,Orthopedics,2,9,0.2222
2026-07-02,4,Orthopedics,3,9,0.3333
2026-07-03,4,Orthopedics,2,9,0.2222
2026-07-04,4,Orthopedics,2,9,0.2222
2026-07-05,4,Orthopedics,3,9,0.3333
2026-07-06,4,Orthopedics,5,9,0.5556
2026-07-07,4,Orthopedics,5,9,0.5556
2026-07-08,4,Orthopedics,5,9,0.5556
2026-07-09,4,Orthopedics,6,9,0.6667
2026-07-10,4,Orthopedics,6,9,0.6667
2026-07-11,4,Orthopedics,3,9,0.3333
2026-07-12,4,Orthopedics,2,9,0.2222
2026-07-13,4,Orthopedics,4,9,0.4444
2026-07-14,4,Orthopedics,5,9,0.5556
2026-07-15,4,Orthopedics,5,9,0.5556
2026-07-16,4,Orthopedics,6,9,0.6667
2026-07-17,4,Orthopedics,7,9,0.7778
2026-07-18,4,Orthopedics,9,9,1.0
2026-07-19,4,Orthopedics,10,9,1.1111
2026-07-20,4,Orthopedics,9,9,1.0
2026-07-21,4,Orthopedics,8,9,0.8889
2026-07-22,4,Orthopedics,7,9,0.7778
2026-07-23,4,Orthopedics,8,9,0.8889
2026-07-24,4,Orthopedics,9,9,1.0
2026-07-25,4,Orthopedics,10,9,1.1111
2026-07-26,4,Orthopedics,8,9,0.8889
2026-07-27,4,Orthopedics,10,9,1.1111
2026-07-28,4,Orthopedics,10,9,1.1111
2026-07-29,4,Orthopedics,9,9,1.0
2026-07-30,4,Orthopedics,7,9,0.7778
2026-07-31,4,Orthopedics,7,9,0.7778
2026-08-01,4,Orthopedics,8,9,0.8889
2026-08-02,4,Orthopedics,7,9,0.7778
2026-08-03,4,Orthopedics,4,9,0.4444
2026-08-04,4,Orthopedics,5,9,0.5556
2026-08-05,4,Orthopedics,5,9,0.5556
2026-08-06,4,Orthopedics,3,9,0.3333
2026-08-07,4,Orthopedics,4,9,0.4444
2026-08-08,4,Orthopedics,3,9,0.3333
2026-08-09,4,Orthopedics,5,9,0.5556
2026-08-10,4,Orthopedics,4,9,0.4444
2026-08-11,4,Orthopedics,4,9,0.4444
2026-08-12,4,Orthopedics,6,9,0.6667
2026-08-13,4,Orthopedics,6,9,0.6667
2026-08-14,4,Orthopedics,5,9,0.5556
2026-08-15,4,Orthopedics,4,9,0.4444
2026-08-16,4,Orthopedics,5,9,0.5556
2026-08-17,4,Orthopedics,6,9,0.6667
2026-08-18,4,Orthopedics,6,9,0.6667
2026-08-19,4,Orthopedics,8,9,0.8889
2026-08-20,4,Orthopedics,8,9,0.8889
2026-08-21,4,Orthopedics,6,9,0.6667
2026-08-22,4,Orthopedics,6,9,0.6667
2026-08-23,4,Orthopedics,5,9,0.5556
2026-08-24,4,Orthopedics,6,9,0.6667
2026-08-25,4,Orthopedics,3,9,0.3333
2026-08-26,4,Orthopedics,3,9,0.3333
2026-08-27,4,Orthopedics,6,9,0.6667
2026-08-28,4,Orthopedics,5,9,0.5556
2026-08-29,4,Orthopedics,4,9,0.4444
2026-08-30,4,Orthopedics,5,9,0.5556
2026-08-31,4,Orthopedics,5,9,0.5556
2024-01-01,5,Neurology,1,8,0.125
2024-01-02,5,Neurology,2,8,0.25
2024-01-03,5,Neurology,2,8,0.25
2024-01-04,5,Neurology,1,8,0.125
2024-01-05,5,Neurology,5,8,0.625
2024-01-06,5,Neurology,7,8,0.875
2024-01-07,5,Neurology,7,8,0.875
2024-01-08,5,Neurology,5,8,0.625
2024-01-09,5,Neurology,4,8,0.5
2024-01-10,5,Neurology,3,8,0.375
2024-01-11,5,Neurology,5,8,0.625
2024-01-12,5,Neurology,5,8,0.625
2024-01-13,5,Neurology,5,8,0.625
2024-01-14,5,Neurology,4,8,0.5
2024-01-15,5,Neurology,4,8,0.5
2024-01-16,5,Neurology,4,8,0.5
2024-01-17,5,Neurology,3,8,0.375
2024-01-18,5,Neurology,5,8,0.625
2024-01-19,5,Neurology,6,8,0.75
2024-01-20,5,Neurology,8,8,1.0
2024-01-21,5,Neurology,5,8,0.625
2024-01-22,5,Neurology,6,8,0.75
2024-01-23,5,Neurology,6,8,0.75
2024-01-24,5,Neurology,6,8,0.75
2024-01-25,5,Neurology,7,8,0.875
2024-01-26,5,Neurology,4,8,0.5
2024-01-27,5,Neurology,4,8,0.5
2024-01-28,5,Neurology,4,8,0.5
2024-01-29,5,Neurology,3,8,0.375
2024-01-30,5,Neurology,3,8,0.375
2024-01-31,5,Neurology,4,8,0.5
2024-02-01,5,Neurology,2,8,0.25
2024-02-02,5,Neurology,4,8,0.5
2024-02-03,5,Neurology,1,8,0.125
2024-02-04,5,Neurology,0,8,0.0
2024-02-05,5,Neurology,1,8,0.125
2024-02-06,5,Neurology,1,8,0.125
2024-02-07,5,Neurology,1,8,0.125
2024-02-08,5,Neurology,2,8,0.25
2024-02-09,5,Neurology,4,8,0.5
2024-02-10,5,Neurology,5,8,0.625
2024-02-11,5,Neurology,5,8,0.625
2024-02-12,5,Neurology,8,8,1.0
2024-02-13,5,Neurology,7,8,0.875
2024-02-14,5,Neurology,6,8,0.75
2024-02-15,5,Neurology,3,8,0.375
2024-02-16,5,Neurology,4,8,0.5
2024-02-17,5,Neurology,6,8,0.75
2024-02-18,5,Neurology,6,8,0.75
2024-02-19,5,Neurology,9,8,1.125
2024-02-20,5,Neurology,12,8,1.5
2024-02-21,5,Neurology,11,8,1.375
2024-02-22,5,Neurology,9,8,1.125
2024-02-23,5,Neurology,10,8,1.25
2024-02-24,5,Neurology,8,8,1.0
2024-02-25,5,Neurology,8,8,1.0
2024-02-26,5,Neurology,5,8,0.625
2024-02-27,5,Neurology,4,8,0.5
2024-02-28,5,Neurology,3,8,0.375
2024-02-29,5,Neurology,4,8,0.5
2024-03-01,5,Neurology,4,8,0.5
2024-03-02,5,Neurology,4,8,0.5
2024-03-03,5,Neurology,3,8,0.375
2024-03-04,5,Neurology,5,8,0.625
2024-03-05,5,Neurology,3,8,0.375
2024-03-06,5,Neurology,2,8,0.25
2024-03-07,5,Neurology,3,8,0.375
2024-03-08,5,Neurology,5,8,0.625
2024-03-09,5,Neurology,4,8,0.5
2024-03-10,5,Neurology,3,8,0.375
2024-03-11,5,Neurology,2,8,0.25
2024-03-12,5,Neurology,4,8,0.5
2024-03-13,5,Neurology,5,8,0.625
2024-03-14,5,Neurology,6,8,0.75
2024-03-15,5,Neurology,6,8,0.75
2024-03-16,5,Neurology,5,8,0.625
2024-03-17,5,Neurology,6,8,0.75
2024-03-18,5,Neurology,5,8,0.625
2024-03-19,5,Neurology,3,8,0.375
2024-03-20,5,Neurology,3,8,0.375
2024-03-21,5,Neurology,3,8,0.375
2024-03-22,5,Neurology,3,8,0.375
2024-03-23,5,Neurology,4,8,0.5
2024-03-24,5,Neurology,4,8,0.5
2024-03-25,5,Neurology,3,8,0.375
2024-03-26,5,Neurology,3,8,0.375
2024-03-27,5,Neurology,2,8,0.25
2024-03-28,5,Neurology,4,8,0.5
2024-03-29,5,Neurology,4,8,0.5
2024-03-30,5,Neurology,4,8,0.5
2024-03-31,5,Neurology,5,8,0.625
2024-04-01,5,Neurology,1,8,0.125
2024-04-02,5,Neurology,1,8,0.125
2024-04-03,5,Neurology,0,8,0.0
2024-04-04,5,Neurology,2,8,0.25
2024-04-05,5,Neurology,7,8,0.875
2024-04-06,5,Neurology,6,8,0.75
2024-04-07,5,Neurology,7,8,0.875
2024-04-08,5,Neurology,7,8,0.875
2024-04-09,5,Neurology,7,8,0.875
2024-04-10,5,Neurology,6,8,0.75
2024-04-11,5,Neurology,6,8,0.75
2024-04-12,5,Neurology,5,8,0.625
2024-04-13,5,Neurology,4,8,0.5
2024-04-14,5,Neurology,2,8,0.25
2024-04-15,5,Neurology,2,8,0.25
2024-04-16,5,Neurology,3,8,0.375
2024-04-17,5,Neurology,5,8,0.625
2024-04-18,5,Neurology,5,8,0.625
2024-04-19,5,Neurology,3,8,0.375
2024-04-20,5,Neurology,3,8,0.375
2024-04-21,5,Neurology,2,8,0.25
2024-04-22,5,Neurology,5,8,0.625
2024-04-23,5,Neurology,4,8,0.5
2024-04-24,5,Neurology,4,8,0.5
2024-04-25,5,Neurology,5,8,0.625
2024-04-26,5,Neurology,4,8,0.5
2024-04-27,5,Neurology,6,8,0.75
2024-04-28,5,Neurology,6,8,0.75
2024-04-29,5,Neurology,8,8,1.0
2024-04-30,5,Neurology,8,8,1.0
2024-05-01,5,Neurology,8,8,1.0
2024-05-02,5,Neurology,7,8,0.875
2024-05-03,5,Neurology,5,8,0.625
2024-05-04,5,Neurology,3,8,0.375
2024-05-05,5,Neurology,2,8,0.25
2024-05-06,5,Neurology,3,8,0.375
2024-05-07,5,Neurology,5,8,0.625
2024-05-08,5,Neurology,6,8,0.75
2024-05-09,5,Neurology,4,8,0.5
2024-05-10,5,Neurology,3,8,0.375
2024-05-11,5,Neurology,1,8,0.125
2024-05-12,5,Neurology,3,8,0.375
2024-05-13,5,Neurology,5,8,0.625
2024-05-14,5,Neurology,6,8,0.75
2024-05-15,5,Neurology,7,8,0.875
2024-05-16,5,Neurology,7,8,0.875
2024-05-17,5,Neurology,10,8,1.25
2024-05-18,5,Neurology,10,8,1.25
2024-05-19,5,Neurology,11,8,1.375
2024-05-20,5,Neurology,9,8,1.125
2024-05-21,5,Neurology,8,8,1.0
2024-05-22,5,Neurology,6,8,0.75
2024-05-23,5,Neurology,4,8,0.5
2024-05-24,5,Neurology,6,8,0.75
2024-05-25,5,Neurology,7,8,0.875
2024-05-26,5,Neurology,10,8,1.25
2024-05-27,5,Neurology,11,8,1.375
2024-05-28,5,Neurology,12,8,1.5
2024-05-29,5,Neurology,11,8,1.375
2024-05-30,5,Neurology,10,8,1.25
2024-05-31,5,Neurology,9,8,1.125
2024-06-01,5,Neurology,5,8,0.625
2024-06-02,5,Neurology,5,8,0.625
2024-06-03,5,Neurology,5,8,0.625
2024-06-04,5,Neurology,4,8,0.5
2024-06-05,5,Neurology,3,8,0.375
2024-06-06,5,Neurology,4,8,0.5
2024-06-07,5,Neurology,2,8,0.25
2024-06-08,5,Neurology,2,8,0.25
2024-06-09,5,Neurology,4,8,0.5
2024-06-10,5,Neurology,6,8,0.75
2024-06-11,5,Neurology,6,8,0.75
2024-06-12,5,Neurology,7,8,0.875
2024-06-13,5,Neurology,8,8,1.0
2024-06-14,5,Neurology,9,8,1.125
2024-06-15,5,Neurology,9,8,1.125
2024-06-16,5,Neurology,10,8,1.25
2024-06-17,5,Neurology,8,8,1.0
2024-06-18,5,Neurology,6,8,0.75
2024-06-19,5,Neurology,7,8,0.875
2024-06-20,5,Neurology,9,8,1.125
2024-06-21,5,Neurology,9,8,1.125
2024-06-22,5,Neurology,7,8,0.875
2024-06-23,5,Neurology,6,8,0.75
2024-06-24,5,Neurology,5,8,0.625
2024-06-25,5,Neurology,5,8,0.625
2024-06-26,5,Neurology,3,8,0.375
2024-06-27,5,Neurology,3,8,0.375
2024-06-28,5,Neurology,2,8,0.25
2024-06-29,5,Neurology,1,8,0.125
2024-06-30,5,Neurology,1,8,0.125
2024-07-01,5,Neurology,2,8,0.25
2024-07-02,5,Neurology,4,8,0.5
2024-07-03,5,Neurology,4,8,0.5
2024-07-04,5,Neurology,5,8,0.625
2024-07-05,5,Neurology,3,8,0.375
2024-07-06,5,Neurology,4,8,0.5
2024-07-07,5,Neurology,7,8,0.875
2024-07-08,5,Neurology,5,8,0.625
2024-07-09,5,Neurology,6,8,0.75
2024-07-10,5,Neurology,6,8,0.75
2024-07-11,5,Neurology,8,8,1.0
2024-07-12,5,Neurology,6,8,0.75
2024-07-13,5,Neurology,6,8,0.75
2024-07-14,5,Neurology,9,8,1.125
2024-07-15,5,Neurology,10,8,1.25
2024-07-16,5,Neurology,11,8,1.375
2024-07-17,5,Neurology,13,8,1.625
2024-07-18,5,Neurology,13,8,1.625
2024-07-19,5,Neurology,12,8,1.5
2024-07-20,5,Neurology,9,8,1.125
2024-07-21,5,Neurology,7,8,0.875
2024-07-22,5,Neurology,8,8,1.0
2024-07-23,5,Neurology,10,8,1.25
2024-07-24,5,Neurology,8,8,1.0
2024-07-25,5,Neurology,7,8,0.875
2024-07-26,5,Neurology,8,8,1.0
2024-07-27,5,Neurology,8,8,1.0
2024-07-28,5,Neurology,9,8,1.125
2024-07-29,5,Neurology,9,8,1.125
2024-07-30,5,Neurology,6,8,0.75
2024-07-31,5,Neurology,6,8,0.75
2024-08-01,5,Neurology,4,8,0.5
2024-08-02,5,Neurology,2,8,0.25
2024-08-03,5,Neurology,3,8,0.375
2024-08-04,5,Neurology,4,8,0.5
2024-08-05,5,Neurology,3,8,0.375
2024-08-06,5,Neurology,3,8,0.375
2024-08-07,5,Neurology,3,8,0.375
2024-08-08,5,Neurology,2,8,0.25
2024-08-09,5,Neurology,1,8,0.125
2024-08-10,5,Neurology,2,8,0.25
2024-08-11,5,Neurology,3,8,0.375
2024-08-12,5,Neurology,3,8,0.375
2024-08-13,5,Neurology,2,8,0.25
2024-08-14,5,Neurology,4,8,0.5
2024-08-15,5,Neurology,6,8,0.75
2024-08-16,5,Neurology,6,8,0.75
2024-08-17,5,Neurology,5,8,0.625
2024-08-18,5,Neurology,3,8,0.375
2024-08-19,5,Neurology,2,8,0.25
2024-08-20,5,Neurology,3,8,0.375
2024-08-21,5,Neurology,2,8,0.25
2024-08-22,5,Neurology,2,8,0.25
2024-08-23,5,Neurology,3,8,0.375
2024-08-24,5,Neurology,4,8,0.5
2024-08-25,5,Neurology,4,8,0.5
2024-08-26,5,Neurology,6,8,0.75
2024-08-27,5,Neurology,9,8,1.125
2024-08-28,5,Neurology,7,8,0.875
2024-08-29,5,Neurology,8,8,1.0
2024-08-30,5,Neurology,8,8,1.0
2024-08-31,5,Neurology,7,8,0.875
2024-09-01,5,Neurology,9,8,1.125
2024-09-02,5,Neurology,6,8,0.75
2024-09-03,5,Neurology,5,8,0.625
2024-09-04,5,Neurology,6,8,0.75
2024-09-05,5,Neurology,6,8,0.75
2024-09-06,5,Neurology,5,8,0.625
2024-09-07,5,Neurology,5,8,0.625
2024-09-08,5,Neurology,4,8,0.5
2024-09-09,5,Neurology,4,8,0.5
2024-09-10,5,Neurology,5,8,0.625
2024-09-11,5,Neurology,8,8,1.0
2024-09-12,5,Neurology,7,8,0.875
2024-09-13,5,Neurology,8,8,1.0
2024-09-14,5,Neurology,8,8,1.0
2024-09-15,5,Neurology,9,8,1.125
2024-09-16,5,Neurology,10,8,1.25
2024-09-17,5,Neurology,8,8,1.0
2024-09-18,5,Neurology,6,8,0.75
2024-09-19,5,Neurology,8,8,1.0
2024-09-20,5,Neurology,6,8,0.75
2024-09-21,5,Neurology,5,8,0.625
2024-09-22,5,Neurology,6,8,0.75
2024-09-23,5,Neurology,5,8,0.625
2024-09-24,5,Neurology,2,8,0.25
2024-09-25,5,Neurology,0,8,0.0
2024-09-26,5,Neurology,1,8,0.125
2024-09-27,5,Neurology,1,8,0.125
2024-09-28,5,Neurology,2,8,0.25
2024-09-29,5,Neurology,1,8,0.125
2024-09-30,5,Neurology,6,8,0.75
2024-10-01,5,Neurology,9,8,1.125
2024-10-02,5,Neurology,10,8,1.25
2024-10-03,5,Neurology,11,8,1.375
2024-10-04,5,Neurology,9,8,1.125
2024-10-05,5,Neurology,9,8,1.125
2024-10-06,5,Neurology,10,8,1.25
2024-10-07,5,Neurology,7,8,0.875
2024-10-08,5,Neurology,9,8,1.125
2024-10-09,5,Neurology,9,8,1.125
2024-10-10,5,Neurology,7,8,0.875
2024-10-11,5,Neurology,8,8,1.0
2024-10-12,5,Neurology,7,8,0.875
2024-10-13,5,Neurology,7,8,0.875
2024-10-14,5,Neurology,5,8,0.625
2024-10-15,5,Neurology,5,8,0.625
2024-10-16,5,Neurology,4,8,0.5
2024-10-17,5,Neurology,6,8,0.75
2024-10-18,5,Neurology,7,8,0.875
2024-10-19,5,Neurology,9,8,1.125
2024-10-20,5,Neurology,9,8,1.125
2024-10-21,5,Neurology,8,8,1.0
2024-10-22,5,Neurology,5,8,0.625
2024-10-23,5,Neurology,4,8,0.5
2024-10-24,5,Neurology,7,8,0.875
2024-10-25,5,Neurology,5,8,0.625
2024-10-26,5,Neurology,6,8,0.75
2024-10-27,5,Neurology,6,8,0.75
2024-10-28,5,Neurology,6,8,0.75
2024-10-29,5,Neurology,5,8,0.625
2024-10-30,5,Neurology,5,8,0.625
2024-10-31,5,Neurology,4,8,0.5
2024-11-01,5,Neurology,2,8,0.25
2024-11-02,5,Neurology,3,8,0.375
2024-11-03,5,Neurology,4,8,0.5
2024-11-04,5,Neurology,5,8,0.625
2024-11-05,5,Neurology,4,8,0.5
2024-11-06,5,Neurology,2,8,0.25
2024-11-07,5,Neurology,1,8,0.125
2024-11-08,5,Neurology,1,8,0.125
2024-11-09,5,Neurology,2,8,0.25
2024-11-10,5,Neurology,3,8,0.375
2024-11-11,5,Neurology,5,8,0.625
2024-11-12,5,Neurology,5,8,0.625
2024-11-13,5,Neurology,4,8,0.5
2024-11-14,5,Neurology,2,8,0.25
2024-11-15,5,Neurology,3,8,0.375
2024-11-16,5,Neurology,7,8,0.875
2024-11-17,5,Neurology,6,8,0.75
2024-11-18,5,Neurology,5,8,0.625
2024-11-19,5,Neurology,6,8,0.75
2024-11-20,5,Neurology,6,8,0.75
2024-11-21,5,Neurology,7,8,0.875
2024-11-22,5,Neurology,6,8,0.75
2024-11-23,5,Neurology,5,8,0.625
2024-11-24,5,Neurology,3,8,0.375
2024-11-25,5,Neurology,3,8,0.375
2024-11-26,5,Neurology,3,8,0.375
2024-11-27,5,Neurology,2,8,0.25
2024-11-28,5,Neurology,2,8,0.25
2024-11-29,5,Neurology,2,8,0.25
2024-11-30,5,Neurology,3,8,0.375
2024-12-01,5,Neurology,4,8,0.5
2024-12-02,5,Neurology,3,8,0.375
2024-12-03,5,Neurology,3,8,0.375
2024-12-04,5,Neurology,4,8,0.5
2024-12-05,5,Neurology,5,8,0.625
2024-12-06,5,Neurology,5,8,0.625
2024-12-07,5,Neurology,5,8,0.625
2024-12-08,5,Neurology,5,8,0.625
2024-12-09,5,Neurology,6,8,0.75
2024-12-10,5,Neurology,6,8,0.75
2024-12-11,5,Neurology,6,8,0.75
2024-12-12,5,Neurology,6,8,0.75
2024-12-13,5,Neurology,5,8,0.625
2024-12-14,5,Neurology,4,8,0.5
2024-12-15,5,Neurology,3,8,0.375
2024-12-16,5,Neurology,1,8,0.125
2024-12-17,5,Neurology,5,8,0.625
2024-12-18,5,Neurology,5,8,0.625
2024-12-19,5,Neurology,4,8,0.5
2024-12-20,5,Neurology,5,8,0.625
2024-12-21,5,Neurology,3,8,0.375
2024-12-22,5,Neurology,2,8,0.25
2024-12-23,5,Neurology,1,8,0.125
2024-12-24,5,Neurology,1,8,0.125
2024-12-25,5,Neurology,1,8,0.125
2024-12-26,5,Neurology,1,8,0.125
2024-12-27,5,Neurology,1,8,0.125
2024-12-28,5,Neurology,0,8,0.0
2024-12-29,5,Neurology,0,8,0.0
2024-12-30,5,Neurology,1,8,0.125
2024-12-31,5,Neurology,1,8,0.125
2025-01-01,5,Neurology,3,8,0.375
2025-01-02,5,Neurology,4,8,0.5
2025-01-03,5,Neurology,4,8,0.5
2025-01-04,5,Neurology,5,8,0.625
2025-01-05,5,Neurology,5,8,0.625
2025-01-06,5,Neurology,4,8,0.5
2025-01-07,5,Neurology,4,8,0.5
2025-01-08,5,Neurology,5,8,0.625
2025-01-09,5,Neurology,2,8,0.25
2025-01-10,5,Neurology,5,8,0.625
2025-01-11,5,Neurology,6,8,0.75
2025-01-12,5,Neurology,4,8,0.5
2025-01-13,5,Neurology,4,8,0.5
2025-01-14,5,Neurology,4,8,0.5
2025-01-15,5,Neurology,4,8,0.5
2025-01-16,5,Neurology,4,8,0.5
2025-01-17,5,Neurology,5,8,0.625
2025-01-18,5,Neurology,5,8,0.625
2025-01-19,5,Neurology,5,8,0.625
2025-01-20,5,Neurology,8,8,1.0
2025-01-21,5,Neurology,8,8,1.0
2025-01-22,5,Neurology,6,8,0.75
2025-01-23,5,Neurology,6,8,0.75
2025-01-24,5,Neurology,7,8,0.875
2025-01-25,5,Neurology,7,8,0.875
2025-01-26,5,Neurology,6,8,0.75
2025-01-27,5,Neurology,7,8,0.875
2025-01-28,5,Neurology,6,8,0.75
2025-01-29,5,Neurology,6,8,0.75
2025-01-30,5,Neurology,3,8,0.375
2025-01-31,5,Neurology,3,8,0.375
2025-02-01,5,Neurology,4,8,0.5
2025-02-02,5,Neurology,5,8,0.625
2025-02-03,5,Neurology,5,8,0.625
2025-02-04,5,Neurology,4,8,0.5
2025-02-05,5,Neurology,3,8,0.375
2025-02-06,5,Neurology,4,8,0.5
2025-02-07,5,Neurology,6,8,0.75
2025-02-08,5,Neurology,3,8,0.375
2025-02-09,5,Neurology,2,8,0.25
2025-02-10,5,Neurology,3,8,0.375
2025-02-11,5,Neurology,5,8,0.625
2025-02-12,5,Neurology,5,8,0.625
2025-02-13,5,Neurology,6,8,0.75
2025-02-14,5,Neurology,7,8,0.875
2025-02-15,5,Neurology,7,8,0.875
2025-02-16,5,Neurology,7,8,0.875
2025-02-17,5,Neurology,7,8,0.875
2025-02-18,5,Neurology,5,8,0.625
2025-02-19,5,Neurology,5,8,0.625
2025-02-20,5,Neurology,3,8,0.375
2025-02-21,5,Neurology,2,8,0.25
2025-02-22,5,Neurology,2,8,0.25
2025-02-23,5,Neurology,3,8,0.375
2025-02-24,5,Neurology,6,8,0.75
2025-02-25,5,Neurology,7,8,0.875
2025-02-26,5,Neurology,5,8,0.625
2025-02-27,5,Neurology,3,8,0.375
2025-02-28,5,Neurology,5,8,0.625
2025-03-01,5,Neurology,7,8,0.875
2025-03-02,5,Neurology,8,8,1.0
2025-03-03,5,Neurology,7,8,0.875
2025-03-04,5,Neurology,7,8,0.875
2025-03-05,5,Neurology,8,8,1.0
2025-03-06,5,Neurology,7,8,0.875
2025-03-07,5,Neurology,8,8,1.0
2025-03-08,5,Neurology,9,8,1.125
2025-03-09,5,Neurology,8,8,1.0
2025-03-10,5,Neurology,8,8,1.0
2025-03-11,5,Neurology,9,8,1.125
2025-03-12,5,Neurology,11,8,1.375
2025-03-13,5,Neurology,10,8,1.25
2025-03-14,5,Neurology,6,8,0.75
2025-03-15,5,Neurology,5,8,0.625
2025-03-16,5,Neurology,7,8,0.875
2025-03-17,5,Neurology,5,8,0.625
2025-03-18,5,Neurology,5,8,0.625
2025-03-19,5,Neurology,8,8,1.0
2025-03-20,5,Neurology,6,8,0.75
2025-03-21,5,Neurology,5,8,0.625
2025-03-22,5,Neurology,5,8,0.625
2025-03-23,5,Neurology,6,8,0.75
2025-03-24,5,Neurology,6,8,0.75
2025-03-25,5,Neurology,5,8,0.625
2025-03-26,5,Neurology,5,8,0.625
2025-03-27,5,Neurology,3,8,0.375
2025-03-28,5,Neurology,4,8,0.5
2025-03-29,5,Neurology,2,8,0.25
2025-03-30,5,Neurology,3,8,0.375
2025-03-31,5,Neurology,4,8,0.5
2025-04-01,5,Neurology,6,8,0.75
2025-04-02,5,Neurology,7,8,0.875
2025-04-03,5,Neurology,6,8,0.75
2025-04-04,5,Neurology,5,8,0.625
2025-04-05,5,Neurology,6,8,0.75
2025-04-06,5,Neurology,6,8,0.75
2025-04-07,5,Neurology,6,8,0.75
2025-04-08,5,Neurology,4,8,0.5
2025-04-09,5,Neurology,3,8,0.375
2025-04-10,5,Neurology,3,8,0.375
2025-04-11,5,Neurology,3,8,0.375
2025-04-12,5,Neurology,4,8,0.5
2025-04-13,5,Neurology,5,8,0.625
2025-04-14,5,Neurology,5,8,0.625
2025-04-15,5,Neurology,5,8,0.625
2025-04-16,5,Neurology,3,8,0.375
2025-04-17,5,Neurology,4,8,0.5
2025-04-18,5,Neurology,5,8,0.625
2025-04-19,5,Neurology,6,8,0.75
2025-04-20,5,Neurology,5,8,0.625
2025-04-21,5,Neurology,8,8,1.0
2025-04-22,5,Neurology,7,8,0.875
2025-04-23,5,Neurology,7,8,0.875
2025-04-24,5,Neurology,7,8,0.875
2025-04-25,5,Neurology,5,8,0.625
2025-04-26,5,Neurology,2,8,0.25
2025-04-27,5,Neurology,1,8,0.125
2025-04-28,5,Neurology,1,8,0.125
2025-04-29,5,Neurology,4,8,0.5
2025-04-30,5,Neurology,4,8,0.5
2025-05-01,5,Neurology,7,8,0.875
2025-05-02,5,Neurology,7,8,0.875
2025-05-03,5,Neurology,7,8,0.875
2025-05-04,5,Neurology,8,8,1.0
2025-05-05,5,Neurology,6,8,0.75
2025-05-06,5,Neurology,6,8,0.75
2025-05-07,5,Neurology,6,8,0.75
2025-05-08,5,Neurology,4,8,0.5
2025-05-09,5,Neurology,5,8,0.625
2025-05-10,5,Neurology,5,8,0.625
2025-05-11,5,Neurology,3,8,0.375
2025-05-12,5,Neurology,5,8,0.625
2025-05-13,5,Neurology,6,8,0.75
2025-05-14,5,Neurology,5,8,0.625
2025-05-15,5,Neurology,5,8,0.625
2025-05-16,5,Neurology,6,8,0.75
2025-05-17,5,Neurology,4,8,0.5
2025-05-18,5,Neurology,5,8,0.625
2025-05-19,5,Neurology,5,8,0.625
2025-05-20,5,Neurology,5,8,0.625
2025-05-21,5,Neurology,3,8,0.375
2025-05-22,5,Neurology,4,8,0.5
2025-05-23,5,Neurology,5,8,0.625
2025-05-24,5,Neurology,4,8,0.5
2025-05-25,5,Neurology,5,8,0.625
2025-05-26,5,Neurology,4,8,0.5
2025-05-27,5,Neurology,7,8,0.875
2025-05-28,5,Neurology,8,8,1.0
2025-05-29,5,Neurology,8,8,1.0
2025-05-30,5,Neurology,7,8,0.875
2025-05-31,5,Neurology,7,8,0.875
2025-06-01,5,Neurology,5,8,0.625
2025-06-02,5,Neurology,3,8,0.375
2025-06-03,5,Neurology,5,8,0.625
2025-06-04,5,Neurology,5,8,0.625
2025-06-05,5,Neurology,6,8,0.75
2025-06-06,5,Neurology,5,8,0.625
2025-06-07,5,Neurology,7,8,0.875
2025-06-08,5,Neurology,8,8,1.0
2025-06-09,5,Neurology,10,8,1.25
2025-06-10,5,Neurology,10,8,1.25
2025-06-11,5,Neurology,12,8,1.5
2025-06-12,5,Neurology,10,8,1.25
2025-06-13,5,Neurology,6,8,0.75
2025-06-14,5,Neurology,4,8,0.5
2025-06-15,5,Neurology,4,8,0.5
2025-06-16,5,Neurology,7,8,0.875
2025-06-17,5,Neurology,5,8,0.625
2025-06-18,5,Neurology,5,8,0.625
2025-06-19,5,Neurology,5,8,0.625
2025-06-20,5,Neurology,5,8,0.625
2025-06-21,5,Neurology,5,8,0.625
2025-06-22,5,Neurology,5,8,0.625
2025-06-23,5,Neurology,3,8,0.375
2025-06-24,5,Neurology,6,8,0.75
2025-06-25,5,Neurology,5,8,0.625
2025-06-26,5,Neurology,6,8,0.75
2025-06-27,5,Neurology,6,8,0.75
2025-06-28,5,Neurology,6,8,0.75
2025-06-29,5,Neurology,6,8,0.75
2025-06-30,5,Neurology,8,8,1.0
2025-07-01,5,Neurology,4,8,0.5
2025-07-02,5,Neurology,3,8,0.375
2025-07-03,5,Neurology,3,8,0.375
2025-07-04,5,Neurology,1,8,0.125
2025-07-05,5,Neurology,1,8,0.125
2025-07-06,5,Neurology,5,8,0.625
2025-07-07,5,Neurology,6,8,0.75
2025-07-08,5,Neurology,8,8,1.0
2025-07-09,5,Neurology,6,8,0.75
2025-07-10,5,Neurology,7,8,0.875
2025-07-11,5,Neurology,7,8,0.875
2025-07-12,5,Neurology,4,8,0.5
2025-07-13,5,Neurology,6,8,0.75
2025-07-14,5,Neurology,8,8,1.0
2025-07-15,5,Neurology,7,8,0.875
2025-07-16,5,Neurology,6,8,0.75
2025-07-17,5,Neurology,5,8,0.625
2025-07-18,5,Neurology,6,8,0.75
2025-07-19,5,Neurology,5,8,0.625
2025-07-20,5,Neurology,7,8,0.875
2025-07-21,5,Neurology,7,8,0.875
2025-07-22,5,Neurology,6,8,0.75
2025-07-23,5,Neurology,5,8,0.625
2025-07-24,5,Neurology,3,8,0.375
2025-07-25,5,Neurology,3,8,0.375
2025-07-26,5,Neurology,3,8,0.375
2025-07-27,5,Neurology,2,8,0.25
2025-07-28,5,Neurology,1,8,0.125
2025-07-29,5,Neurology,4,8,0.5
2025-07-30,5,Neurology,7,8,0.875
2025-07-31,5,Neurology,6,8,0.75
2025-08-01,5,Neurology,4,8,0.5
2025-08-02,5,Neurology,3,8,0.375
2025-08-03,5,Neurology,6,8,0.75
2025-08-04,5,Neurology,7,8,0.875
2025-08-05,5,Neurology,6,8,0.75
2025-08-06,5,Neurology,3,8,0.375
2025-08-07,5,Neurology,2,8,0.25
2025-08-08,5,Neurology,2,8,0.25
2025-08-09,5,Neurology,3,8,0.375
2025-08-10,5,Neurology,4,8,0.5
2025-08-11,5,Neurology,6,8,0.75
2025-08-12,5,Neurology,6,8,0.75
2025-08-13,5,Neurology,8,8,1.0
2025-08-14,5,Neurology,8,8,1.0
2025-08-15,5,Neurology,7,8,0.875
2025-08-16,5,Neurology,10,8,1.25
2025-08-17,5,Neurology,11,8,1.375
2025-08-18,5,Neurology,10,8,1.25
2025-08-19,5,Neurology,7,8,0.875
2025-08-20,5,Neurology,6,8,0.75
2025-08-21,5,Neurology,7,8,0.875
2025-08-22,5,Neurology,6,8,0.75
2025-08-23,5,Neurology,3,8,0.375
2025-08-24,5,Neurology,4,8,0.5
2025-08-25,5,Neurology,5,8,0.625
2025-08-26,5,Neurology,4,8,0.5
2025-08-27,5,Neurology,3,8,0.375
2025-08-28,5,Neurology,3,8,0.375
2025-08-29,5,Neurology,3,8,0.375
2025-08-30,5,Neurology,4,8,0.5
2025-08-31,5,Neurology,5,8,0.625
2025-09-01,5,Neurology,3,8,0.375
2025-09-02,5,Neurology,5,8,0.625
2025-09-03,5,Neurology,8,8,1.0
2025-09-04,5,Neurology,7,8,0.875
2025-09-05,5,Neurology,6,8,0.75
2025-09-06,5,Neurology,6,8,0.75
2025-09-07,5,Neurology,4,8,0.5
2025-09-08,5,Neurology,3,8,0.375
2025-09-09,5,Neurology,4,8,0.5
2025-09-10,5,Neurology,4,8,0.5
2025-09-11,5,Neurology,4,8,0.5
2025-09-12,5,Neurology,6,8,0.75
2025-09-13,5,Neurology,6,8,0.75
2025-09-14,5,Neurology,5,8,0.625
2025-09-15,5,Neurology,4,8,0.5
2025-09-16,5,Neurology,2,8,0.25
2025-09-17,5,Neurology,3,8,0.375
2025-09-18,5,Neurology,1,8,0.125
2025-09-19,5,Neurology,2,8,0.25
2025-09-20,5,Neurology,4,8,0.5
2025-09-21,5,Neurology,2,8,0.25
2025-09-22,5,Neurology,2,8,0.25
2025-09-23,5,Neurology,3,8,0.375
2025-09-24,5,Neurology,5,8,0.625
2025-09-25,5,Neurology,7,8,0.875
2025-09-26,5,Neurology,9,8,1.125
2025-09-27,5,Neurology,8,8,1.0
2025-09-28,5,Neurology,10,8,1.25
2025-09-29,5,Neurology,10,8,1.25
2025-09-30,5,Neurology,9,8,1.125
2025-10-01,5,Neurology,10,8,1.25
2025-10-02,5,Neurology,9,8,1.125
2025-10-03,5,Neurology,9,8,1.125
2025-10-04,5,Neurology,7,8,0.875
2025-10-05,5,Neurology,8,8,1.0
2025-10-06,5,Neurology,8,8,1.0
2025-10-07,5,Neurology,6,8,0.75
2025-10-08,5,Neurology,4,8,0.5
2025-10-09,5,Neurology,3,8,0.375
2025-10-10,5,Neurology,5,8,0.625
2025-10-11,5,Neurology,5,8,0.625
2025-10-12,5,Neurology,4,8,0.5
2025-10-13,5,Neurology,3,8,0.375
2025-10-14,5,Neurology,3,8,0.375
2025-10-15,5,Neurology,3,8,0.375
2025-10-16,5,Neurology,4,8,0.5
2025-10-17,5,Neurology,5,8,0.625
2025-10-18,5,Neurology,6,8,0.75
2025-10-19,5,Neurology,7,8,0.875
2025-10-20,5,Neurology,5,8,0.625
2025-10-21,5,Neurology,7,8,0.875
2025-10-22,5,Neurology,8,8,1.0
2025-10-23,5,Neurology,10,8,1.25
2025-10-24,5,Neurology,10,8,1.25
2025-10-25,5,Neurology,7,8,0.875
2025-10-26,5,Neurology,7,8,0.875
2025-10-27,5,Neurology,4,8,0.5
2025-10-28,5,Neurology,4,8,0.5
2025-10-29,5,Neurology,3,8,0.375
2025-10-30,5,Neurology,4,8,0.5
2025-10-31,5,Neurology,5,8,0.625
2025-11-01,5,Neurology,6,8,0.75
2025-11-02,5,Neurology,5,8,0.625
2025-11-03,5,Neurology,3,8,0.375
2025-11-04,5,Neurology,3,8,0.375
2025-11-05,5,Neurology,4,8,0.5
2025-11-06,5,Neurology,4,8,0.5
2025-11-07,5,Neurology,3,8,0.375
2025-11-08,5,Neurology,4,8,0.5
2025-11-09,5,Neurology,4,8,0.5
2025-11-10,5,Neurology,6,8,0.75
2025-11-11,5,Neurology,5,8,0.625
2025-11-12,5,Neurology,4,8,0.5
2025-11-13,5,Neurology,4,8,0.5
2025-11-14,5,Neurology,2,8,0.25
2025-11-15,5,Neurology,3,8,0.375
2025-11-16,5,Neurology,3,8,0.375
2025-11-17,5,Neurology,4,8,0.5
2025-11-18,5,Neurology,6,8,0.75
2025-11-19,5,Neurology,6,8,0.75
2025-11-20,5,Neurology,4,8,0.5
2025-11-21,5,Neurology,4,8,0.5
2025-11-22,5,Neurology,6,8,0.75
2025-11-23,5,Neurology,6,8,0.75
2025-11-24,5,Neurology,3,8,0.375
2025-11-25,5,Neurology,0,8,0.0
2025-11-26,5,Neurology,1,8,0.125
2025-11-27,5,Neurology,4,8,0.5
2025-11-28,5,Neurology,4,8,0.5
2025-11-29,5,Neurology,5,8,0.625
2025-11-30,5,Neurology,5,8,0.625
2025-12-01,5,Neurology,5,8,0.625
2025-12-02,5,Neurology,4,8,0.5
2025-12-03,5,Neurology,5,8,0.625
2025-12-04,5,Neurology,6,8,0.75
2025-12-05,5,Neurology,8,8,1.0
2025-12-06,5,Neurology,7,8,0.875
2025-12-07,5,Neurology,6,8,0.75
2025-12-08,5,Neurology,5,8,0.625
2025-12-09,5,Neurology,5,8,0.625
2025-12-10,5,Neurology,5,8,0.625
2025-12-11,5,Neurology,3,8,0.375
2025-12-12,5,Neurology,4,8,0.5
2025-12-13,5,Neurology,4,8,0.5
2025-12-14,5,Neurology,4,8,0.5
2025-12-15,5,Neurology,3,8,0.375
2025-12-16,5,Neurology,3,8,0.375
2025-12-17,5,Neurology,3,8,0.375
2025-12-18,5,Neurology,2,8,0.25
2025-12-19,5,Neurology,3,8,0.375
2025-12-20,5,Neurology,4,8,0.5
2025-12-21,5,Neurology,2,8,0.25
2025-12-22,5,Neurology,1,8,0.125
2025-12-23,5,Neurology,1,8,0.125
2025-12-24,5,Neurology,0,8,0.0
2025-12-25,5,Neurology,0,8,0.0
2025-12-26,5,Neurology,0,8,0.0
2025-12-27,5,Neurology,3,8,0.375
2025-12-28,5,Neurology,3,8,0.375
2025-12-29,5,Neurology,5,8,0.625
2025-12-30,5,Neurology,3,8,0.375
2025-12-31,5,Neurology,3,8,0.375
2026-01-01,5,Neurology,4,8,0.5
2026-01-02,5,Neurology,4,8,0.5
2026-01-03,5,Neurology,4,8,0.5
2026-01-04,5,Neurology,5,8,0.625
2026-01-05,5,Neurology,5,8,0.625
2026-01-06,5,Neurology,6,8,0.75
2026-01-07,5,Neurology,6,8,0.75
2026-01-08,5,Neurology,8,8,1.0
2026-01-09,5,Neurology,7,8,0.875
2026-01-10,5,Neurology,6,8,0.75
2026-01-11,5,Neurology,6,8,0.75
2026-01-12,5,Neurology,5,8,0.625
2026-01-13,5,Neurology,5,8,0.625
2026-01-14,5,Neurology,4,8,0.5
2026-01-15,5,Neurology,2,8,0.25
2026-01-16,5,Neurology,1,8,0.125
2026-01-17,5,Neurology,1,8,0.125
2026-01-18,5,Neurology,2,8,0.25
2026-01-19,5,Neurology,2,8,0.25
2026-01-20,5,Neurology,2,8,0.25
2026-01-21,5,Neurology,3,8,0.375
2026-01-22,5,Neurology,3,8,0.375
2026-01-23,5,Neurology,6,8,0.75
2026-01-24,5,Neurology,3,8,0.375
2026-01-25,5,Neurology,4,8,0.5
2026-01-26,5,Neurology,4,8,0.5
2026-01-27,5,Neurology,3,8,0.375
2026-01-28,5,Neurology,3,8,0.375
2026-01-29,5,Neurology,3,8,0.375
2026-01-30,5,Neurology,3,8,0.375
2026-01-31,5,Neurology,4,8,0.5
2026-02-01,5,Neurology,4,8,0.5
2026-02-02,5,Neurology,5,8,0.625
2026-02-03,5,Neurology,6,8,0.75
2026-02-04,5,Neurology,5,8,0.625
2026-02-05,5,Neurology,5,8,0.625
2026-02-06,5,Neurology,6,8,0.75
2026-02-07,5,Neurology,5,8,0.625
2026-02-08,5,Neurology,5,8,0.625
2026-02-09,5,Neurology,6,8,0.75
2026-02-10,5,Neurology,3,8,0.375
2026-02-11,5,Neurology,3,8,0.375
2026-02-12,5,Neurology,4,8,0.5
2026-02-13,5,Neurology,5,8,0.625
2026-02-14,5,Neurology,6,8,0.75
2026-02-15,5,Neurology,7,8,0.875
2026-02-16,5,Neurology,7,8,0.875
2026-02-17,5,Neurology,5,8,0.625
2026-02-18,5,Neurology,5,8,0.625
2026-02-19,5,Neurology,4,8,0.5
2026-02-20,5,Neurology,3,8,0.375
2026-02-21,5,Neurology,3,8,0.375
2026-02-22,5,Neurology,3,8,0.375
2026-02-23,5,Neurology,2,8,0.25
2026-02-24,5,Neurology,4,8,0.5
2026-02-25,5,Neurology,6,8,0.75
2026-02-26,5,Neurology,7,8,0.875
2026-02-27,5,Neurology,10,8,1.25
2026-02-28,5,Neurology,8,8,1.0
2026-03-01,5,Neurology,10,8,1.25
2026-03-02,5,Neurology,8,8,1.0
2026-03-03,5,Neurology,6,8,0.75
2026-03-04,5,Neurology,1,8,0.125
2026-03-05,5,Neurology,1,8,0.125
2026-03-06,5,Neurology,1,8,0.125
2026-03-07,5,Neurology,2,8,0.25
2026-03-08,5,Neurology,3,8,0.375
2026-03-09,5,Neurology,3,8,0.375
2026-03-10,5,Neurology,2,8,0.25
2026-03-11,5,Neurology,5,8,0.625
2026-03-12,5,Neurology,5,8,0.625
2026-03-13,5,Neurology,4,8,0.5
2026-03-14,5,Neurology,5,8,0.625
2026-03-15,5,Neurology,5,8,0.625
2026-03-16,5,Neurology,4,8,0.5
2026-03-17,5,Neurology,3,8,0.375
2026-03-18,5,Neurology,2,8,0.25
2026-03-19,5,Neurology,2,8,0.25
2026-03-20,5,Neurology,2,8,0.25
2026-03-21,5,Neurology,2,8,0.25
2026-03-22,5,Neurology,3,8,0.375
2026-03-23,5,Neurology,5,8,0.625
2026-03-24,5,Neurology,3,8,0.375
2026-03-25,5,Neurology,3,8,0.375
2026-03-26,5,Neurology,4,8,0.5
2026-03-27,5,Neurology,5,8,0.625
2026-03-28,5,Neurology,7,8,0.875
2026-03-29,5,Neurology,7,8,0.875
2026-03-30,5,Neurology,9,8,1.125
2026-03-31,5,Neurology,8,8,1.0
2026-04-01,5,Neurology,5,8,0.625
2026-04-02,5,Neurology,5,8,0.625
2026-04-03,5,Neurology,6,8,0.75
2026-04-04,5,Neurology,6,8,0.75
2026-04-05,5,Neurology,5,8,0.625
2026-04-06,5,Neurology,6,8,0.75
2026-04-07,5,Neurology,2,8,0.25
2026-04-08,5,Neurology,3,8,0.375
2026-04-09,5,Neurology,4,8,0.5
2026-04-10,5,Neurology,4,8,0.5
2026-04-11,5,Neurology,5,8,0.625
2026-04-12,5,Neurology,10,8,1.25
2026-04-13,5,Neurology,8,8,1.0
2026-04-14,5,Neurology,9,8,1.125
2026-04-15,5,Neurology,9,8,1.125
2026-04-16,5,Neurology,7,8,0.875
2026-04-17,5,Neurology,6,8,0.75
2026-04-18,5,Neurology,6,8,0.75
2026-04-19,5,Neurology,7,8,0.875
2026-04-20,5,Neurology,5,8,0.625
2026-04-21,5,Neurology,4,8,0.5
2026-04-22,5,Neurology,4,8,0.5
2026-04-23,5,Neurology,2,8,0.25
2026-04-24,5,Neurology,0,8,0.0
2026-04-25,5,Neurology,1,8,0.125
2026-04-26,5,Neurology,5,8,0.625
2026-04-27,5,Neurology,6,8,0.75
2026-04-28,5,Neurology,4,8,0.5
2026-04-29,5,Neurology,6,8,0.75
2026-04-30,5,Neurology,7,8,0.875
2026-05-01,5,Neurology,5,8,0.625
2026-05-02,5,Neurology,3,8,0.375
2026-05-03,5,Neurology,4,8,0.5
2026-05-04,5,Neurology,1,8,0.125
2026-05-05,5,Neurology,3,8,0.375
2026-05-06,5,Neurology,3,8,0.375
2026-05-07,5,Neurology,6,8,0.75
2026-05-08,5,Neurology,6,8,0.75
2026-05-09,5,Neurology,5,8,0.625
2026-05-10,5,Neurology,5,8,0.625
2026-05-11,5,Neurology,7,8,0.875
2026-05-12,5,Neurology,10,8,1.25
2026-05-13,5,Neurology,6,8,0.75
2026-05-14,5,Neurology,4,8,0.5
2026-05-15,5,Neurology,2,8,0.25
2026-05-16,5,Neurology,3,8,0.375
2026-05-17,5,Neurology,5,8,0.625
2026-05-18,5,Neurology,6,8,0.75
2026-05-19,5,Neurology,6,8,0.75
2026-05-20,5,Neurology,4,8,0.5
2026-05-21,5,Neurology,2,8,0.25
2026-05-22,5,Neurology,1,8,0.125
2026-05-23,5,Neurology,2,8,0.25
2026-05-24,5,Neurology,3,8,0.375
2026-05-25,5,Neurology,3,8,0.375
2026-05-26,5,Neurology,3,8,0.375
2026-05-27,5,Neurology,4,8,0.5
2026-05-28,5,Neurology,3,8,0.375
2026-05-29,5,Neurology,4,8,0.5
2026-05-30,5,Neurology,4,8,0.5
2026-05-31,5,Neurology,5,8,0.625
2026-06-01,5,Neurology,6,8,0.75
2026-06-02,5,Neurology,7,8,0.875
2026-06-03,5,Neurology,11,8,1.375
2026-06-04,5,Neurology,13,8,1.625
2026-06-05,5,Neurology,13,8,1.625
2026-06-06,5,Neurology,9,8,1.125
2026-06-07,5,Neurology,5,8,0.625
2026-06-08,5,Neurology,4,8,0.5
2026-06-09,5,Neurology,5,8,0.625
2026-06-10,5,Neurology,6,8,0.75
2026-06-11,5,Neurology,7,8,0.875
2026-06-12,5,Neurology,6,8,0.75
2026-06-13,5,Neurology,4,8,0.5
2026-06-14,5,Neurology,4,8,0.5
2026-06-15,5,Neurology,6,8,0.75
2026-06-16,5,Neurology,5,8,0.625
2026-06-17,5,Neurology,4,8,0.5
2026-06-18,5,Neurology,6,8,0.75
2026-06-19,5,Neurology,8,8,1.0
2026-06-20,5,Neurology,7,8,0.875
2026-06-21,5,Neurology,7,8,0.875
2026-06-22,5,Neurology,8,8,1.0
2026-06-23,5,Neurology,5,8,0.625
2026-06-24,5,Neurology,6,8,0.75
2026-06-25,5,Neurology,7,8,0.875
2026-06-26,5,Neurology,7,8,0.875
2026-06-27,5,Neurology,6,8,0.75
2026-06-28,5,Neurology,6,8,0.75
2026-06-29,5,Neurology,7,8,0.875
2026-06-30,5,Neurology,7,8,0.875
2026-07-01,5,Neurology,6,8,0.75
2026-07-02,5,Neurology,5,8,0.625
2026-07-03,5,Neurology,5,8,0.625
2026-07-04,5,Neurology,4,8,0.5
2026-07-05,5,Neurology,4,8,0.5
2026-07-06,5,Neurology,7,8,0.875
2026-07-07,5,Neurology,8,8,1.0
2026-07-08,5,Neurology,6,8,0.75
2026-07-09,5,Neurology,6,8,0.75
2026-07-10,5,Neurology,6,8,0.75
2026-07-11,5,Neurology,5,8,0.625
2026-07-12,5,Neurology,6,8,0.75
2026-07-13,5,Neurology,5,8,0.625
2026-07-14,5,Neurology,6,8,0.75
2026-07-15,5,Neurology,6,8,0.75
2026-07-16,5,Neurology,5,8,0.625
2026-07-17,5,Neurology,5,8,0.625
2026-07-18,5,Neurology,5,8,0.625
2026-07-19,5,Neurology,6,8,0.75
2026-07-20,5,Neurology,5,8,0.625
2026-07-21,5,Neurology,5,8,0.625
2026-07-22,5,Neurology,5,8,0.625
2026-07-23,5,Neurology,7,8,0.875
2026-07-24,5,Neurology,9,8,1.125
2026-07-25,5,Neurology,8,8,1.0
2026-07-26,5,Neurology,8,8,1.0
2026-07-27,5,Neurology,7,8,0.875
2026-07-28,5,Neurology,6,8,0.75
2026-07-29,5,Neurology,4,8,0.5
2026-07-30,5,Neurology,4,8,0.5
2026-07-31,5,Neurology,4,8,0.5
2026-08-01,5,Neurology,5,8,0.625
2026-08-02,5,Neurology,8,8,1.0
2026-08-03,5,Neurology,10,8,1.25
2026-08-04,5,Neurology,10,8,1.25
2026-08-05,5,Neurology,9,8,1.125
2026-08-06,5,Neurology,9,8,1.125
2026-08-07,5,Neurology,7,8,0.875
2026-08-08,5,Neurology,9,8,1.125
2026-08-09,5,Neurology,9,8,1.125
2026-08-10,5,Neurology,4,8,0.5
2026-08-11,5,Neurology,5,8,0.625
2026-08-12,5,Neurology,4,8,0.5
2026-08-13,5,Neurology,6,8,0.75
2026-08-14,5,Neurology,5,8,0.625
2026-08-15,5,Neurology,5,8,0.625
2026-08-16,5,Neurology,10,8,1.25
2026-08-17,5,Neurology,9,8,1.125
2026-08-18,5,Neurology,10,8,1.25
2026-08-19,5,Neurology,10,8,1.25
2026-08-20,5,Neurology,5,8,0.625
2026-08-21,5,Neurology,5,8,0.625
2026-08-22,5,Neurology,2,8,0.25
2026-08-23,5,Neurology,3,8,0.375
2026-08-24,5,Neurology,3,8,0.375
2026-08-25,5,Neurology,4,8,0.5
2026-08-26,5,Neurology,3,8,0.375
2026-08-27,5,Neurology,5,8,0.625
2026-08-28,5,Neurology,8,8,1.0
2026-08-29,5,Neurology,9,8,1.125
2026-08-30,5,Neurology,10,8,1.25
2026-08-31,5,Neurology,9,8,1.125
2024-01-01,6,Oncology,2,8,0.25
2024-01-02,6,Oncology,1,8,0.125
2024-01-03,6,Oncology,2,8,0.25
2024-01-04,6,Oncology,4,8,0.5
2024-01-05,6,Oncology,5,8,0.625
2024-01-06,6,Oncology,3,8,0.375
2024-01-07,6,Oncology,2,8,0.25
2024-01-08,6,Oncology,2,8,0.25
2024-01-09,6,Oncology,1,8,0.125
2024-01-10,6,Oncology,1,8,0.125
2024-01-11,6,Oncology,2,8,0.25
2024-01-12,6,Oncology,2,8,0.25
2024-01-13,6,Oncology,4,8,0.5
2024-01-14,6,Oncology,5,8,0.625
2024-01-15,6,Oncology,6,8,0.75
2024-01-16,6,Oncology,7,8,0.875
2024-01-17,6,Oncology,5,8,0.625
2024-01-18,6,Oncology,5,8,0.625
2024-01-19,6,Oncology,5,8,0.625
2024-01-20,6,Oncology,4,8,0.5
2024-01-21,6,Oncology,6,8,0.75
2024-01-22,6,Oncology,5,8,0.625
2024-01-23,6,Oncology,4,8,0.5
2024-01-24,6,Oncology,6,8,0.75
2024-01-25,6,Oncology,7,8,0.875
2024-01-26,6,Oncology,8,8,1.0
2024-01-27,6,Oncology,7,8,0.875
2024-01-28,6,Oncology,6,8,0.75
2024-01-29,6,Oncology,4,8,0.5
2024-01-30,6,Oncology,7,8,0.875
2024-01-31,6,Oncology,4,8,0.5
2024-02-01,6,Oncology,2,8,0.25
2024-02-02,6,Oncology,1,8,0.125
2024-02-03,6,Oncology,2,8,0.25
2024-02-04,6,Oncology,4,8,0.5
2024-02-05,6,Oncology,3,8,0.375
2024-02-06,6,Oncology,4,8,0.5
2024-02-07,6,Oncology,5,8,0.625
2024-02-08,6,Oncology,4,8,0.5
2024-02-09,6,Oncology,4,8,0.5
2024-02-10,6,Oncology,3,8,0.375
2024-02-11,6,Oncology,2,8,0.25
2024-02-12,6,Oncology,2,8,0.25
2024-02-13,6,Oncology,3,8,0.375
2024-02-14,6,Oncology,2,8,0.25
2024-02-15,6,Oncology,1,8,0.125
2024-02-16,6,Oncology,2,8,0.25
2024-02-17,6,Oncology,1,8,0.125
2024-02-18,6,Oncology,2,8,0.25
2024-02-19,6,Oncology,2,8,0.25
2024-02-20,6,Oncology,3,8,0.375
2024-02-21,6,Oncology,3,8,0.375
2024-02-22,6,Oncology,7,8,0.875
2024-02-23,6,Oncology,4,8,0.5
2024-02-24,6,Oncology,6,8,0.75
2024-02-25,6,Oncology,6,8,0.75
2024-02-26,6,Oncology,7,8,0.875
2024-02-27,6,Oncology,4,8,0.5
2024-02-28,6,Oncology,4,8,0.5
2024-02-29,6,Oncology,5,8,0.625
2024-03-01,6,Oncology,4,8,0.5
2024-03-02,6,Oncology,5,8,0.625
2024-03-03,6,Oncology,5,8,0.625
2024-03-04,6,Oncology,4,8,0.5
2024-03-05,6,Oncology,4,8,0.5
2024-03-06,6,Oncology,3,8,0.375
2024-03-07,6,Oncology,6,8,0.75
2024-03-08,6,Oncology,4,8,0.5
2024-03-09,6,Oncology,5,8,0.625
2024-03-10,6,Oncology,7,8,0.875
2024-03-11,6,Oncology,6,8,0.75
2024-03-12,6,Oncology,7,8,0.875
2024-03-13,6,Oncology,5,8,0.625
2024-03-14,6,Oncology,7,8,0.875
2024-03-15,6,Oncology,7,8,0.875
2024-03-16,6,Oncology,9,8,1.125
2024-03-17,6,Oncology,8,8,1.0
2024-03-18,6,Oncology,7,8,0.875
2024-03-19,6,Oncology,8,8,1.0
2024-03-20,6,Oncology,6,8,0.75
2024-03-21,6,Oncology,3,8,0.375
2024-03-22,6,Oncology,5,8,0.625
2024-03-23,6,Oncology,6,8,0.75
2024-03-24,6,Oncology,8,8,1.0
2024-03-25,6,Oncology,7,8,0.875
2024-03-26,6,Oncology,3,8,0.375
2024-03-27,6,Oncology,3,8,0.375
2024-03-28,6,Oncology,3,8,0.375
2024-03-29,6,Oncology,3,8,0.375
2024-03-30,6,Oncology,4,8,0.5
2024-03-31,6,Oncology,4,8,0.5
2024-04-01,6,Oncology,3,8,0.375
2024-04-02,6,Oncology,1,8,0.125
2024-04-03,6,Oncology,5,8,0.625
2024-04-04,6,Oncology,5,8,0.625
2024-04-05,6,Oncology,6,8,0.75
2024-04-06,6,Oncology,7,8,0.875
2024-04-07,6,Oncology,8,8,1.0
2024-04-08,6,Oncology,6,8,0.75
2024-04-09,6,Oncology,5,8,0.625
2024-04-10,6,Oncology,6,8,0.75
2024-04-11,6,Oncology,9,8,1.125
2024-04-12,6,Oncology,7,8,0.875
2024-04-13,6,Oncology,6,8,0.75
2024-04-14,6,Oncology,4,8,0.5
2024-04-15,6,Oncology,4,8,0.5
2024-04-16,6,Oncology,2,8,0.25
2024-04-17,6,Oncology,3,8,0.375
2024-04-18,6,Oncology,2,8,0.25
2024-04-19,6,Oncology,3,8,0.375
2024-04-20,6,Oncology,8,8,1.0
2024-04-21,6,Oncology,10,8,1.25
2024-04-22,6,Oncology,8,8,1.0
2024-04-23,6,Oncology,6,8,0.75
2024-04-24,6,Oncology,8,8,1.0
2024-04-25,6,Oncology,8,8,1.0
2024-04-26,6,Oncology,7,8,0.875
2024-04-27,6,Oncology,3,8,0.375
2024-04-28,6,Oncology,4,8,0.5
2024-04-29,6,Oncology,5,8,0.625
2024-04-30,6,Oncology,4,8,0.5
2024-05-01,6,Oncology,2,8,0.25
2024-05-02,6,Oncology,4,8,0.5
2024-05-03,6,Oncology,6,8,0.75
2024-05-04,6,Oncology,3,8,0.375
2024-05-05,6,Oncology,2,8,0.25
2024-05-06,6,Oncology,2,8,0.25
2024-05-07,6,Oncology,1,8,0.125
2024-05-08,6,Oncology,4,8,0.5
2024-05-09,6,Oncology,4,8,0.5
2024-05-10,6,Oncology,6,8,0.75
2024-05-11,6,Oncology,6,8,0.75
2024-05-12,6,Oncology,5,8,0.625
2024-05-13,6,Oncology,4,8,0.5
2024-05-14,6,Oncology,2,8,0.25
2024-05-15,6,Oncology,2,8,0.25
2024-05-16,6,Oncology,3,8,0.375
2024-05-17,6,Oncology,5,8,0.625
2024-05-18,6,Oncology,4,8,0.5
2024-05-19,6,Oncology,6,8,0.75
2024-05-20,6,Oncology,6,8,0.75
2024-05-21,6,Oncology,7,8,0.875
2024-05-22,6,Oncology,9,8,1.125
2024-05-23,6,Oncology,10,8,1.25
2024-05-24,6,Oncology,8,8,1.0
2024-05-25,6,Oncology,7,8,0.875
2024-05-26,6,Oncology,5,8,0.625
2024-05-27,6,Oncology,7,8,0.875
2024-05-28,6,Oncology,6,8,0.75
2024-05-29,6,Oncology,6,8,0.75
2024-05-30,6,Oncology,6,8,0.75
2024-05-31,6,Oncology,5,8,0.625
2024-06-01,6,Oncology,7,8,0.875
2024-06-02,6,Oncology,7,8,0.875
2024-06-03,6,Oncology,5,8,0.625
2024-06-04,6,Oncology,5,8,0.625
2024-06-05,6,Oncology,7,8,0.875
2024-06-06,6,Oncology,10,8,1.25
2024-06-07,6,Oncology,9,8,1.125
2024-06-08,6,Oncology,7,8,0.875
2024-06-09,6,Oncology,6,8,0.75
2024-06-10,6,Oncology,6,8,0.75
2024-06-11,6,Oncology,5,8,0.625
2024-06-12,6,Oncology,5,8,0.625
2024-06-13,6,Oncology,8,8,1.0
2024-06-14,6,Oncology,6,8,0.75
2024-06-15,6,Oncology,4,8,0.5
2024-06-16,6,Oncology,2,8,0.25
2024-06-17,6,Oncology,5,8,0.625
2024-06-18,6,Oncology,6,8,0.75
2024-06-19,6,Oncology,8,8,1.0
2024-06-20,6,Oncology,9,8,1.125
2024-06-21,6,Oncology,9,8,1.125
2024-06-22,6,Oncology,8,8,1.0
2024-06-23,6,Oncology,10,8,1.25
2024-06-24,6,Oncology,10,8,1.25
2024-06-25,6,Oncology,8,8,1.0
2024-06-26,6,Oncology,6,8,0.75
2024-06-27,6,Oncology,4,8,0.5
2024-06-28,6,Oncology,4,8,0.5
2024-06-29,6,Oncology,3,8,0.375
2024-06-30,6,Oncology,2,8,0.25
2024-07-01,6,Oncology,2,8,0.25
2024-07-02,6,Oncology,4,8,0.5
2024-07-03,6,Oncology,4,8,0.5
2024-07-04,6,Oncology,4,8,0.5
2024-07-05,6,Oncology,3,8,0.375
2024-07-06,6,Oncology,4,8,0.5
2024-07-07,6,Oncology,5,8,0.625
2024-07-08,6,Oncology,5,8,0.625
2024-07-09,6,Oncology,5,8,0.625
2024-07-10,6,Oncology,4,8,0.5
2024-07-11,6,Oncology,5,8,0.625
2024-07-12,6,Oncology,5,8,0.625
2024-07-13,6,Oncology,5,8,0.625
2024-07-14,6,Oncology,4,8,0.5
2024-07-15,6,Oncology,2,8,0.25
2024-07-16,6,Oncology,2,8,0.25
2024-07-17,6,Oncology,2,8,0.25
2024-07-18,6,Oncology,3,8,0.375
2024-07-19,6,Oncology,1,8,0.125
2024-07-20,6,Oncology,1,8,0.125
2024-07-21,6,Oncology,4,8,0.5
2024-07-22,6,Oncology,5,8,0.625
2024-07-23,6,Oncology,5,8,0.625
2024-07-24,6,Oncology,3,8,0.375
2024-07-25,6,Oncology,2,8,0.25
2024-07-26,6,Oncology,1,8,0.125
2024-07-27,6,Oncology,2,8,0.25
2024-07-28,6,Oncology,5,8,0.625
2024-07-29,6,Oncology,4,8,0.5
2024-07-30,6,Oncology,6,8,0.75
2024-07-31,6,Oncology,5,8,0.625
2024-08-01,6,Oncology,3,8,0.375
2024-08-02,6,Oncology,3,8,0.375
2024-08-03,6,Oncology,4,8,0.5
2024-08-04,6,Oncology,6,8,0.75
2024-08-05,6,Oncology,7,8,0.875
2024-08-06,6,Oncology,8,8,1.0
2024-08-07,6,Oncology,6,8,0.75
2024-08-08,6,Oncology,5,8,0.625
2024-08-09,6,Oncology,4,8,0.5
2024-08-10,6,Oncology,4,8,0.5
2024-08-11,6,Oncology,5,8,0.625
2024-08-12,6,Oncology,4,8,0.5
2024-08-13,6,Oncology,4,8,0.5
2024-08-14,6,Oncology,4,8,0.5
2024-08-15,6,Oncology,4,8,0.5
2024-08-16,6,Oncology,3,8,0.375
2024-08-17,6,Oncology,5,8,0.625
2024-08-18,6,Oncology,5,8,0.625
2024-08-19,6,Oncology,6,8,0.75
2024-08-20,6,Oncology,3,8,0.375
2024-08-21,6,Oncology,5,8,0.625
2024-08-22,6,Oncology,6,8,0.75
2024-08-23,6,Oncology,3,8,0.375
2024-08-24,6,Oncology,4,8,0.5
2024-08-25,6,Oncology,6,8,0.75
2024-08-26,6,Oncology,7,8,0.875
2024-08-27,6,Oncology,7,8,0.875
2024-08-28,6,Oncology,9,8,1.125
2024-08-29,6,Oncology,9,8,1.125
2024-08-30,6,Oncology,8,8,1.0
2024-08-31,6,Oncology,5,8,0.625
2024-09-01,6,Oncology,6,8,0.75
2024-09-02,6,Oncology,4,8,0.5
2024-09-03,6,Oncology,6,8,0.75
2024-09-04,6,Oncology,8,8,1.0
2024-09-05,6,Oncology,6,8,0.75
2024-09-06,6,Oncology,8,8,1.0
2024-09-07,6,Oncology,6,8,0.75
2024-09-08,6,Oncology,5,8,0.625
2024-09-09,6,Oncology,5,8,0.625
2024-09-10,6,Oncology,3,8,0.375
2024-09-11,6,Oncology,3,8,0.375
2024-09-12,6,Oncology,3,8,0.375
2024-09-13,6,Oncology,5,8,0.625
2024-09-14,6,Oncology,6,8,0.75
2024-09-15,6,Oncology,5,8,0.625
2024-09-16,6,Oncology,6,8,0.75
2024-09-17,6,Oncology,4,8,0.5
2024-09-18,6,Oncology,6,8,0.75
2024-09-19,6,Oncology,5,8,0.625
2024-09-20,6,Oncology,5,8,0.625
2024-09-21,6,Oncology,6,8,0.75
2024-09-22,6,Oncology,4,8,0.5
2024-09-23,6,Oncology,5,8,0.625
2024-09-24,6,Oncology,4,8,0.5
2024-09-25,6,Oncology,3,8,0.375
2024-09-26,6,Oncology,5,8,0.625
2024-09-27,6,Oncology,5,8,0.625
2024-09-28,6,Oncology,5,8,0.625
2024-09-29,6,Oncology,4,8,0.5
2024-09-30,6,Oncology,6,8,0.75
2024-10-01,6,Oncology,6,8,0.75
2024-10-02,6,Oncology,3,8,0.375
2024-10-03,6,Oncology,3,8,0.375
2024-10-04,6,Oncology,4,8,0.5
2024-10-05,6,Oncology,1,8,0.125
2024-10-06,6,Oncology,2,8,0.25
2024-10-07,6,Oncology,1,8,0.125
2024-10-08,6,Oncology,3,8,0.375
2024-10-09,6,Oncology,4,8,0.5
2024-10-10,6,Oncology,3,8,0.375
2024-10-11,6,Oncology,6,8,0.75
2024-10-12,6,Oncology,6,8,0.75
2024-10-13,6,Oncology,4,8,0.5
2024-10-14,6,Oncology,2,8,0.25
2024-10-15,6,Oncology,1,8,0.125
2024-10-16,6,Oncology,3,8,0.375
2024-10-17,6,Oncology,3,8,0.375
2024-10-18,6,Oncology,4,8,0.5
2024-10-19,6,Oncology,2,8,0.25
2024-10-20,6,Oncology,3,8,0.375
2024-10-21,6,Oncology,5,8,0.625
2024-10-22,6,Oncology,5,8,0.625
2024-10-23,6,Oncology,4,8,0.5
2024-10-24,6,Oncology,4,8,0.5
2024-10-25,6,Oncology,6,8,0.75
2024-10-26,6,Oncology,6,8,0.75
2024-10-27,6,Oncology,5,8,0.625
2024-10-28,6,Oncology,4,8,0.5
2024-10-29,6,Oncology,2,8,0.25
2024-10-30,6,Oncology,3,8,0.375
2024-10-31,6,Oncology,4,8,0.5
2024-11-01,6,Oncology,5,8,0.625
2024-11-02,6,Oncology,5,8,0.625
2024-11-03,6,Oncology,5,8,0.625
2024-11-04,6,Oncology,4,8,0.5
2024-11-05,6,Oncology,4,8,0.5
2024-11-06,6,Oncology,2,8,0.25
2024-11-07,6,Oncology,3,8,0.375
2024-11-08,6,Oncology,5,8,0.625
2024-11-09,6,Oncology,5,8,0.625
2024-11-10,6,Oncology,5,8,0.625
2024-11-11,6,Oncology,4,8,0.5
2024-11-12,6,Oncology,2,8,0.25
2024-11-13,6,Oncology,3,8,0.375
2024-11-14,6,Oncology,2,8,0.25
2024-11-15,6,Oncology,2,8,0.25
2024-11-16,6,Oncology,3,8,0.375
2024-11-17,6,Oncology,3,8,0.375
2024-11-18,6,Oncology,6,8,0.75
2024-11-19,6,Oncology,7,8,0.875
2024-11-20,6,Oncology,4,8,0.5
2024-11-21,6,Oncology,6,8,0.75
2024-11-22,6,Oncology,5,8,0.625
2024-11-23,6,Oncology,4,8,0.5
2024-11-24,6,Oncology,4,8,0.5
2024-11-25,6,Oncology,2,8,0.25
2024-11-26,6,Oncology,2,8,0.25
2024-11-27,6,Oncology,3,8,0.375
2024-11-28,6,Oncology,2,8,0.25
2024-11-29,6,Oncology,1,8,0.125
2024-11-30,6,Oncology,1,8,0.125
2024-12-01,6,Oncology,2,8,0.25
2024-12-02,6,Oncology,4,8,0.5
2024-12-03,6,Oncology,5,8,0.625
2024-12-04,6,Oncology,7,8,0.875
2024-12-05,6,Oncology,5,8,0.625
2024-12-06,6,Oncology,6,8,0.75
2024-12-07,6,Oncology,7,8,0.875
2024-12-08,6,Oncology,6,8,0.75
2024-12-09,6,Oncology,5,8,0.625
2024-12-10,6,Oncology,6,8,0.75
2024-12-11,6,Oncology,6,8,0.75
2024-12-12,6,Oncology,5,8,0.625
2024-12-13,6,Oncology,6,8,0.75
2024-12-14,6,Oncology,6,8,0.75
2024-12-15,6,Oncology,5,8,0.625
2024-12-16,6,Oncology,5,8,0.625
2024-12-17,6,Oncology,7,8,0.875
2024-12-18,6,Oncology,6,8,0.75
2024-12-19,6,Oncology,5,8,0.625
2024-12-20,6,Oncology,3,8,0.375
2024-12-21,6,Oncology,4,8,0.5
2024-12-22,6,Oncology,3,8,0.375
2024-12-23,6,Oncology,4,8,0.5
2024-12-24,6,Oncology,3,8,0.375
2024-12-25,6,Oncology,3,8,0.375
2024-12-26,6,Oncology,2,8,0.25
2024-12-27,6,Oncology,3,8,0.375
2024-12-28,6,Oncology,4,8,0.5
2024-12-29,6,Oncology,4,8,0.5
2024-12-30,6,Oncology,5,8,0.625
2024-12-31,6,Oncology,6,8,0.75
2025-01-01,6,Oncology,7,8,0.875
2025-01-02,6,Oncology,7,8,0.875
2025-01-03,6,Oncology,9,8,1.125
2025-01-04,6,Oncology,10,8,1.25
2025-01-05,6,Oncology,11,8,1.375
2025-01-06,6,Oncology,8,8,1.0
2025-01-07,6,Oncology,4,8,0.5
2025-01-08,6,Oncology,5,8,0.625
2025-01-09,6,Oncology,5,8,0.625
2025-01-10,6,Oncology,5,8,0.625
2025-01-11,6,Oncology,3,8,0.375
2025-01-12,6,Oncology,3,8,0.375
2025-01-13,6,Oncology,3,8,0.375
2025-01-14,6,Oncology,4,8,0.5
2025-01-15,6,Oncology,5,8,0.625
2025-01-16,6,Oncology,4,8,0.5
2025-01-17,6,Oncology,4,8,0.5
2025-01-18,6,Oncology,6,8,0.75
2025-01-19,6,Oncology,6,8,0.75
2025-01-20,6,Oncology,7,8,0.875
2025-01-21,6,Oncology,6,8,0.75
2025-01-22,6,Oncology,6,8,0.75
2025-01-23,6,Oncology,7,8,0.875
2025-01-24,6,Oncology,9,8,1.125
2025-01-25,6,Oncology,6,8,0.75
2025-01-26,6,Oncology,4,8,0.5
2025-01-27,6,Oncology,7,8,0.875
2025-01-28,6,Oncology,6,8,0.75
2025-01-29,6,Oncology,6,8,0.75
2025-01-30,6,Oncology,6,8,0.75
2025-01-31,6,Oncology,5,8,0.625
2025-02-01,6,Oncology,5,8,0.625
2025-02-02,6,Oncology,5,8,0.625
2025-02-03,6,Oncology,7,8,0.875
2025-02-04,6,Oncology,6,8,0.75
2025-02-05,6,Oncology,6,8,0.75
2025-02-06,6,Oncology,6,8,0.75
2025-02-07,6,Oncology,6,8,0.75
2025-02-08,6,Oncology,6,8,0.75
2025-02-09,6,Oncology,6,8,0.75
2025-02-10,6,Oncology,6,8,0.75
2025-02-11,6,Oncology,7,8,0.875
2025-02-12,6,Oncology,6,8,0.75
2025-02-13,6,Oncology,8,8,1.0
2025-02-14,6,Oncology,9,8,1.125
2025-02-15,6,Oncology,9,8,1.125
2025-02-16,6,Oncology,10,8,1.25
2025-02-17,6,Oncology,9,8,1.125
2025-02-18,6,Oncology,7,8,0.875
2025-02-19,6,Oncology,5,8,0.625
2025-02-20,6,Oncology,7,8,0.875
2025-02-21,6,Oncology,5,8,0.625
2025-02-22,6,Oncology,5,8,0.625
2025-02-23,6,Oncology,6,8,0.75
2025-02-24,6,Oncology,5,8,0.625
2025-02-25,6,Oncology,4,8,0.5
2025-02-26,6,Oncology,5,8,0.625
2025-02-27,6,Oncology,4,8,0.5
2025-02-28,6,Oncology,5,8,0.625
2025-03-01,6,Oncology,6,8,0.75
2025-03-02,6,Oncology,5,8,0.625
2025-03-03,6,Oncology,4,8,0.5
2025-03-04,6,Oncology,4,8,0.5
2025-03-05,6,Oncology,3,8,0.375
2025-03-06,6,Oncology,3,8,0.375
2025-03-07,6,Oncology,4,8,0.5
2025-03-08,6,Oncology,3,8,0.375
2025-03-09,6,Oncology,5,8,0.625
2025-03-10,6,Oncology,5,8,0.625
2025-03-11,6,Oncology,5,8,0.625
2025-03-12,6,Oncology,5,8,0.625
2025-03-13,6,Oncology,6,8,0.75
2025-03-14,6,Oncology,8,8,1.0
2025-03-15,6,Oncology,9,8,1.125
2025-03-16,6,Oncology,7,8,0.875
2025-03-17,6,Oncology,9,8,1.125
2025-03-18,6,Oncology,8,8,1.0
2025-03-19,6,Oncology,9,8,1.125
2025-03-20,6,Oncology,7,8,0.875
2025-03-21,6,Oncology,8,8,1.0
2025-03-22,6,Oncology,4,8,0.5
2025-03-23,6,Oncology,3,8,0.375
2025-03-24,6,Oncology,3,8,0.375
2025-03-25,6,Oncology,3,8,0.375
2025-03-26,6,Oncology,5,8,0.625
2025-03-27,6,Oncology,7,8,0.875
2025-03-28,6,Oncology,6,8,0.75
2025-03-29,6,Oncology,7,8,0.875
2025-03-30,6,Oncology,6,8,0.75
2025-03-31,6,Oncology,7,8,0.875
2025-04-01,6,Oncology,7,8,0.875
2025-04-02,6,Oncology,4,8,0.5
2025-04-03,6,Oncology,2,8,0.25
2025-04-04,6,Oncology,2,8,0.25
2025-04-05,6,Oncology,2,8,0.25
2025-04-06,6,Oncology,2,8,0.25
2025-04-07,6,Oncology,2,8,0.25
2025-04-08,6,Oncology,1,8,0.125
2025-04-09,6,Oncology,1,8,0.125
2025-04-10,6,Oncology,2,8,0.25
2025-04-11,6,Oncology,2,8,0.25
2025-04-12,6,Oncology,3,8,0.375
2025-04-13,6,Oncology,4,8,0.5
2025-04-14,6,Oncology,5,8,0.625
2025-04-15,6,Oncology,9,8,1.125
2025-04-16,6,Oncology,9,8,1.125
2025-04-17,6,Oncology,9,8,1.125
2025-04-18,6,Oncology,6,8,0.75
2025-04-19,6,Oncology,7,8,0.875
2025-04-20,6,Oncology,6,8,0.75
2025-04-21,6,Oncology,4,8,0.5
2025-04-22,6,Oncology,3,8,0.375
2025-04-23,6,Oncology,3,8,0.375
2025-04-24,6,Oncology,4,8,0.5
2025-04-25,6,Oncology,4,8,0.5
2025-04-26,6,Oncology,4,8,0.5
2025-04-27,6,Oncology,4,8,0.5
2025-04-28,6,Oncology,4,8,0.5
2025-04-29,6,Oncology,5,8,0.625
2025-04-30,6,Oncology,3,8,0.375
2025-05-01,6,Oncology,5,8,0.625
2025-05-02,6,Oncology,5,8,0.625
2025-05-03,6,Oncology,6,8,0.75
2025-05-04,6,Oncology,3,8,0.375
2025-05-05,6,Oncology,3,8,0.375
2025-05-06,6,Oncology,5,8,0.625
2025-05-07,6,Oncology,4,8,0.5
2025-05-08,6,Oncology,4,8,0.5
2025-05-09,6,Oncology,5,8,0.625
2025-05-10,6,Oncology,3,8,0.375
2025-05-11,6,Oncology,3,8,0.375
2025-05-12,6,Oncology,3,8,0.375
2025-05-13,6,Oncology,2,8,0.25
2025-05-14,6,Oncology,3,8,0.375
2025-05-15,6,Oncology,4,8,0.5
2025-05-16,6,Oncology,3,8,0.375
2025-05-17,6,Oncology,5,8,0.625
2025-05-18,6,Oncology,5,8,0.625
2025-05-19,6,Oncology,9,8,1.125
2025-05-20,6,Oncology,9,8,1.125
2025-05-21,6,Oncology,9,8,1.125
2025-05-22,6,Oncology,10,8,1.25
2025-05-23,6,Oncology,11,8,1.375
2025-05-24,6,Oncology,12,8,1.5
2025-05-25,6,Oncology,8,8,1.0
2025-05-26,6,Oncology,7,8,0.875
2025-05-27,6,Oncology,6,8,0.75
2025-05-28,6,Oncology,5,8,0.625
2025-05-29,6,Oncology,5,8,0.625
2025-05-30,6,Oncology,3,8,0.375
2025-05-31,6,Oncology,3,8,0.375
2025-06-01,6,Oncology,3,8,0.375
2025-06-02,6,Oncology,3,8,0.375
2025-06-03,6,Oncology,3,8,0.375
2025-06-04,6,Oncology,2,8,0.25
2025-06-05,6,Oncology,3,8,0.375
2025-06-06,6,Oncology,4,8,0.5
2025-06-07,6,Oncology,4,8,0.5
2025-06-08,6,Oncology,5,8,0.625
2025-06-09,6,Oncology,4,8,0.5
2025-06-10,6,Oncology,5,8,0.625
2025-06-11,6,Oncology,5,8,0.625
2025-06-12,6,Oncology,3,8,0.375
2025-06-13,6,Oncology,2,8,0.25
2025-06-14,6,Oncology,3,8,0.375
2025-06-15,6,Oncology,5,8,0.625
2025-06-16,6,Oncology,7,8,0.875
2025-06-17,6,Oncology,7,8,0.875
2025-06-18,6,Oncology,7,8,0.875
2025-06-19,6,Oncology,9,8,1.125
2025-06-20,6,Oncology,4,8,0.5
2025-06-21,6,Oncology,4,8,0.5
2025-06-22,6,Oncology,3,8,0.375
2025-06-23,6,Oncology,4,8,0.5
2025-06-24,6,Oncology,5,8,0.625
2025-06-25,6,Oncology,7,8,0.875
2025-06-26,6,Oncology,5,8,0.625
2025-06-27,6,Oncology,6,8,0.75
2025-06-28,6,Oncology,5,8,0.625
2025-06-29,6,Oncology,4,8,0.5
2025-06-30,6,Oncology,7,8,0.875
2025-07-01,6,Oncology,7,8,0.875
2025-07-02,6,Oncology,3,8,0.375
2025-07-03,6,Oncology,4,8,0.5
2025-07-04,6,Oncology,4,8,0.5
2025-07-05,6,Oncology,4,8,0.5
2025-07-06,6,Oncology,4,8,0.5
2025-07-07,6,Oncology,4,8,0.5
2025-07-08,6,Oncology,4,8,0.5
2025-07-09,6,Oncology,7,8,0.875
2025-07-10,6,Oncology,9,8,1.125
2025-07-11,6,Oncology,11,8,1.375
2025-07-12,6,Oncology,11,8,1.375
2025-07-13,6,Oncology,10,8,1.25
2025-07-14,6,Oncology,10,8,1.25
2025-07-15,6,Oncology,7,8,0.875
2025-07-16,6,Oncology,5,8,0.625
2025-07-17,6,Oncology,5,8,0.625
2025-07-18,6,Oncology,6,8,0.75
2025-07-19,6,Oncology,7,8,0.875
2025-07-20,6,Oncology,7,8,0.875
2025-07-21,6,Oncology,7,8,0.875
2025-07-22,6,Oncology,6,8,0.75
2025-07-23,6,Oncology,6,8,0.75
2025-07-24,6,Oncology,6,8,0.75
2025-07-25,6,Oncology,6,8,0.75
2025-07-26,6,Oncology,6,8,0.75
2025-07-27,6,Oncology,3,8,0.375
2025-07-28,6,Oncology,4,8,0.5
2025-07-29,6,Oncology,4,8,0.5
2025-07-30,6,Oncology,3,8,0.375
2025-07-31,6,Oncology,6,8,0.75
2025-08-01,6,Oncology,9,8,1.125
2025-08-02,6,Oncology,9,8,1.125
2025-08-03,6,Oncology,10,8,1.25
2025-08-04,6,Oncology,8,8,1.0
2025-08-05,6,Oncology,5,8,0.625
2025-08-06,6,Oncology,5,8,0.625
2025-08-07,6,Oncology,4,8,0.5
2025-08-08,6,Oncology,4,8,0.5
2025-08-09,6,Oncology,2,8,0.25
2025-08-10,6,Oncology,2,8,0.25
2025-08-11,6,Oncology,4,8,0.5
2025-08-12,6,Oncology,4,8,0.5
2025-08-13,6,Oncology,5,8,0.625
2025-08-14,6,Oncology,4,8,0.5
2025-08-15,6,Oncology,5,8,0.625
2025-08-16,6,Oncology,1,8,0.125
2025-08-17,6,Oncology,1,8,0.125
2025-08-18,6,Oncology,3,8,0.375
2025-08-19,6,Oncology,2,8,0.25
2025-08-20,6,Oncology,3,8,0.375
2025-08-21,6,Oncology,2,8,0.25
2025-08-22,6,Oncology,4,8,0.5
2025-08-23,6,Oncology,6,8,0.75
2025-08-24,6,Oncology,6,8,0.75
2025-08-25,6,Oncology,5,8,0.625
2025-08-26,6,Oncology,4,8,0.5
2025-08-27,6,Oncology,6,8,0.75
2025-08-28,6,Oncology,6,8,0.75
2025-08-29,6,Oncology,7,8,0.875
2025-08-30,6,Oncology,7,8,0.875
2025-08-31,6,Oncology,7,8,0.875
2025-09-01,6,Oncology,8,8,1.0
2025-09-02,6,Oncology,8,8,1.0
2025-09-03,6,Oncology,6,8,0.75
2025-09-04,6,Oncology,6,8,0.75
2025-09-05,6,Oncology,3,8,0.375
2025-09-06,6,Oncology,3,8,0.375
2025-09-07,6,Oncology,1,8,0.125
2025-09-08,6,Oncology,2,8,0.25
2025-09-09,6,Oncology,3,8,0.375
2025-09-10,6,Oncology,1,8,0.125
2025-09-11,6,Oncology,2,8,0.25
2025-09-12,6,Oncology,3,8,0.375
2025-09-13,6,Oncology,3,8,0.375
2025-09-14,6,Oncology,6,8,0.75
2025-09-15,6,Oncology,4,8,0.5
2025-09-16,6,Oncology,5,8,0.625
2025-09-17,6,Oncology,4,8,0.5
2025-09-18,6,Oncology,4,8,0.5
2025-09-19,6,Oncology,4,8,0.5
2025-09-20,6,Oncology,3,8,0.375
2025-09-21,6,Oncology,6,8,0.75
2025-09-22,6,Oncology,4,8,0.5
2025-09-23,6,Oncology,4,8,0.5
2025-09-24,6,Oncology,6,8,0.75
2025-09-25,6,Oncology,4,8,0.5
2025-09-26,6,Oncology,7,8,0.875
2025-09-27,6,Oncology,7,8,0.875
2025-09-28,6,Oncology,5,8,0.625
2025-09-29,6,Oncology,4,8,0.5
2025-09-30,6,Oncology,4,8,0.5
2025-10-01,6,Oncology,4,8,0.5
2025-10-02,6,Oncology,7,8,0.875
2025-10-03,6,Oncology,10,8,1.25
2025-10-04,6,Oncology,9,8,1.125
2025-10-05,6,Oncology,7,8,0.875
2025-10-06,6,Oncology,6,8,0.75
2025-10-07,6,Oncology,7,8,0.875
2025-10-08,6,Oncology,7,8,0.875
2025-10-09,6,Oncology,8,8,1.0
2025-10-10,6,Oncology,7,8,0.875
2025-10-11,6,Oncology,5,8,0.625
2025-10-12,6,Oncology,8,8,1.0
2025-10-13,6,Oncology,7,8,0.875
2025-10-14,6,Oncology,7,8,0.875
2025-10-15,6,Oncology,9,8,1.125
2025-10-16,6,Oncology,11,8,1.375
2025-10-17,6,Oncology,7,8,0.875
2025-10-18,6,Oncology,8,8,1.0
2025-10-19,6,Oncology,5,8,0.625
2025-10-20,6,Oncology,3,8,0.375
2025-10-21,6,Oncology,1,8,0.125
2025-10-22,6,Oncology,2,8,0.25
2025-10-23,6,Oncology,2,8,0.25
2025-10-24,6,Oncology,3,8,0.375
2025-10-25,6,Oncology,5,8,0.625
2025-10-26,6,Oncology,3,8,0.375
2025-10-27,6,Oncology,3,8,0.375
2025-10-28,6,Oncology,3,8,0.375
2025-10-29,6,Oncology,3,8,0.375
2025-10-30,6,Oncology,3,8,0.375
2025-10-31,6,Oncology,2,8,0.25
2025-11-01,6,Oncology,1,8,0.125
2025-11-02,6,Oncology,1,8,0.125
2025-11-03,6,Oncology,3,8,0.375
2025-11-04,6,Oncology,2,8,0.25
2025-11-05,6,Oncology,3,8,0.375
2025-11-06,6,Oncology,3,8,0.375
2025-11-07,6,Oncology,4,8,0.5
2025-11-08,6,Oncology,2,8,0.25
2025-11-09,6,Oncology,2,8,0.25
2025-11-10,6,Oncology,4,8,0.5
2025-11-11,6,Oncology,7,8,0.875
2025-11-12,6,Oncology,6,8,0.75
2025-11-13,6,Oncology,6,8,0.75
2025-11-14,6,Oncology,5,8,0.625
2025-11-15,6,Oncology,5,8,0.625
2025-11-16,6,Oncology,5,8,0.625
2025-11-17,6,Oncology,6,8,0.75
2025-11-18,6,Oncology,6,8,0.75
2025-11-19,6,Oncology,10,8,1.25
2025-11-20,6,Oncology,10,8,1.25
2025-11-21,6,Oncology,9,8,1.125
2025-11-22,6,Oncology,8,8,1.0
2025-11-23,6,Oncology,8,8,1.0
2025-11-24,6,Oncology,7,8,0.875
2025-11-25,6,Oncology,8,8,1.0
2025-11-26,6,Oncology,8,8,1.0
2025-11-27,6,Oncology,10,8,1.25
2025-11-28,6,Oncology,9,8,1.125
2025-11-29,6,Oncology,10,8,1.25
2025-11-30,6,Oncology,8,8,1.0
2025-12-01,6,Oncology,7,8,0.875
2025-12-02,6,Oncology,5,8,0.625
2025-12-03,6,Oncology,6,8,0.75
2025-12-04,6,Oncology,9,8,1.125
2025-12-05,6,Oncology,11,8,1.375
2025-12-06,6,Oncology,8,8,1.0
2025-12-07,6,Oncology,6,8,0.75
2025-12-08,6,Oncology,6,8,0.75
2025-12-09,6,Oncology,5,8,0.625
2025-12-10,6,Oncology,6,8,0.75
2025-12-11,6,Oncology,5,8,0.625
2025-12-12,6,Oncology,7,8,0.875
2025-12-13,6,Oncology,4,8,0.5
2025-12-14,6,Oncology,4,8,0.5
2025-12-15,6,Oncology,4,8,0.5
2025-12-16,6,Oncology,4,8,0.5
2025-12-17,6,Oncology,7,8,0.875
2025-12-18,6,Oncology,5,8,0.625
2025-12-19,6,Oncology,5,8,0.625
2025-12-20,6,Oncology,5,8,0.625
2025-12-21,6,Oncology,5,8,0.625
2025-12-22,6,Oncology,6,8,0.75
2025-12-23,6,Oncology,4,8,0.5
2025-12-24,6,Oncology,6,8,0.75
2025-12-25,6,Oncology,5,8,0.625
2025-12-26,6,Oncology,4,8,0.5
2025-12-27,6,Oncology,3,8,0.375
2025-12-28,6,Oncology,5,8,0.625
2025-12-29,6,Oncology,4,8,0.5
2025-12-30,6,Oncology,4,8,0.5
2025-12-31,6,Oncology,4,8,0.5
2026-01-01,6,Oncology,4,8,0.5
2026-01-02,6,Oncology,5,8,0.625
2026-01-03,6,Oncology,4,8,0.5
2026-01-04,6,Oncology,7,8,0.875
2026-01-05,6,Oncology,7,8,0.875
2026-01-06,6,Oncology,8,8,1.0
2026-01-07,6,Oncology,7,8,0.875
2026-01-08,6,Oncology,6,8,0.75
2026-01-09,6,Oncology,5,8,0.625
2026-01-10,6,Oncology,3,8,0.375
2026-01-11,6,Oncology,3,8,0.375
2026-01-12,6,Oncology,6,8,0.75
2026-01-13,6,Oncology,7,8,0.875
2026-01-14,6,Oncology,6,8,0.75
2026-01-15,6,Oncology,6,8,0.75
2026-01-16,6,Oncology,9,8,1.125
2026-01-17,6,Oncology,12,8,1.5
2026-01-18,6,Oncology,10,8,1.25
2026-01-19,6,Oncology,8,8,1.0
2026-01-20,6,Oncology,6,8,0.75
2026-01-21,6,Oncology,2,8,0.25
2026-01-22,6,Oncology,3,8,0.375
2026-01-23,6,Oncology,3,8,0.375
2026-01-24,6,Oncology,2,8,0.25
2026-01-25,6,Oncology,4,8,0.5
2026-01-26,6,Oncology,6,8,0.75
2026-01-27,6,Oncology,8,8,1.0
2026-01-28,6,Oncology,7,8,0.875
2026-01-29,6,Oncology,8,8,1.0
2026-01-30,6,Oncology,7,8,0.875
2026-01-31,6,Oncology,8,8,1.0
2026-02-01,6,Oncology,6,8,0.75
2026-02-02,6,Oncology,6,8,0.75
2026-02-03,6,Oncology,6,8,0.75
2026-02-04,6,Oncology,6,8,0.75
2026-02-05,6,Oncology,6,8,0.75
2026-02-06,6,Oncology,6,8,0.75
2026-02-07,6,Oncology,5,8,0.625
2026-02-08,6,Oncology,3,8,0.375
2026-02-09,6,Oncology,3,8,0.375
2026-02-10,6,Oncology,3,8,0.375
2026-02-11,6,Oncology,4,8,0.5
2026-02-12,6,Oncology,4,8,0.5
2026-02-13,6,Oncology,3,8,0.375
2026-02-14,6,Oncology,3,8,0.375
2026-02-15,6,Oncology,1,8,0.125
2026-02-16,6,Oncology,2,8,0.25
2026-02-17,6,Oncology,1,8,0.125
2026-02-18,6,Oncology,4,8,0.5
2026-02-19,6,Oncology,3,8,0.375
2026-02-20,6,Oncology,4,8,0.5
2026-02-21,6,Oncology,4,8,0.5
2026-02-22,6,Oncology,5,8,0.625
2026-02-23,6,Oncology,4,8,0.5
2026-02-24,6,Oncology,6,8,0.75
2026-02-25,6,Oncology,5,8,0.625
2026-02-26,6,Oncology,4,8,0.5
2026-02-27,6,Oncology,4,8,0.5
2026-02-28,6,Oncology,3,8,0.375
2026-03-01,6,Oncology,2,8,0.25
2026-03-02,6,Oncology,3,8,0.375
2026-03-03,6,Oncology,1,8,0.125
2026-03-04,6,Oncology,1,8,0.125
2026-03-05,6,Oncology,2,8,0.25
2026-03-06,6,Oncology,1,8,0.125
2026-03-07,6,Oncology,1,8,0.125
2026-03-08,6,Oncology,3,8,0.375
2026-03-09,6,Oncology,3,8,0.375
2026-03-10,6,Oncology,7,8,0.875
2026-03-11,6,Oncology,7,8,0.875
2026-03-12,6,Oncology,9,8,1.125
2026-03-13,6,Oncology,8,8,1.0
2026-03-14,6,Oncology,6,8,0.75
2026-03-15,6,Oncology,7,8,0.875
2026-03-16,6,Oncology,6,8,0.75
2026-03-17,6,Oncology,2,8,0.25
2026-03-18,6,Oncology,1,8,0.125
2026-03-19,6,Oncology,1,8,0.125
2026-03-20,6,Oncology,0,8,0.0
2026-03-21,6,Oncology,1,8,0.125
2026-03-22,6,Oncology,4,8,0.5
2026-03-23,6,Oncology,4,8,0.5
2026-03-24,6,Oncology,2,8,0.25
2026-03-25,6,Oncology,1,8,0.125
2026-03-26,6,Oncology,2,8,0.25
2026-03-27,6,Oncology,3,8,0.375
2026-03-28,6,Oncology,4,8,0.5
2026-03-29,6,Oncology,6,8,0.75
2026-03-30,6,Oncology,6,8,0.75
2026-03-31,6,Oncology,7,8,0.875
2026-04-01,6,Oncology,3,8,0.375
2026-04-02,6,Oncology,3,8,0.375
2026-04-03,6,Oncology,2,8,0.25
2026-04-04,6,Oncology,3,8,0.375
2026-04-05,6,Oncology,2,8,0.25
2026-04-06,6,Oncology,1,8,0.125
2026-04-07,6,Oncology,1,8,0.125
2026-04-08,6,Oncology,1,8,0.125
2026-04-09,6,Oncology,3,8,0.375
2026-04-10,6,Oncology,3,8,0.375
2026-04-11,6,Oncology,8,8,1.0
2026-04-12,6,Oncology,9,8,1.125
2026-04-13,6,Oncology,8,8,1.0
2026-04-14,6,Oncology,7,8,0.875
2026-04-15,6,Oncology,3,8,0.375
2026-04-16,6,Oncology,3,8,0.375
2026-04-17,6,Oncology,3,8,0.375
2026-04-18,6,Oncology,4,8,0.5
2026-04-19,6,Oncology,3,8,0.375
2026-04-20,6,Oncology,3,8,0.375
2026-04-21,6,Oncology,3,8,0.375
2026-04-22,6,Oncology,3,8,0.375
2026-04-23,6,Oncology,2,8,0.25
2026-04-24,6,Oncology,2,8,0.25
2026-04-25,6,Oncology,3,8,0.375
2026-04-26,6,Oncology,1,8,0.125
2026-04-27,6,Oncology,2,8,0.25
2026-04-28,6,Oncology,3,8,0.375
2026-04-29,6,Oncology,3,8,0.375
2026-04-30,6,Oncology,5,8,0.625
2026-05-01,6,Oncology,5,8,0.625
2026-05-02,6,Oncology,2,8,0.25
2026-05-03,6,Oncology,1,8,0.125
2026-05-04,6,Oncology,3,8,0.375
2026-05-05,6,Oncology,3,8,0.375
2026-05-06,6,Oncology,4,8,0.5
2026-05-07,6,Oncology,6,8,0.75
2026-05-08,6,Oncology,6,8,0.75
2026-05-09,6,Oncology,7,8,0.875
2026-05-10,6,Oncology,5,8,0.625
2026-05-11,6,Oncology,6,8,0.75
2026-05-12,6,Oncology,7,8,0.875
2026-05-13,6,Oncology,5,8,0.625
2026-05-14,6,Oncology,6,8,0.75
2026-05-15,6,Oncology,7,8,0.875
2026-05-16,6,Oncology,7,8,0.875
2026-05-17,6,Oncology,7,8,0.875
2026-05-18,6,Oncology,5,8,0.625
2026-05-19,6,Oncology,3,8,0.375
2026-05-20,6,Oncology,3,8,0.375
2026-05-21,6,Oncology,4,8,0.5
2026-05-22,6,Oncology,3,8,0.375
2026-05-23,6,Oncology,2,8,0.25
2026-05-24,6,Oncology,2,8,0.25
2026-05-25,6,Oncology,2,8,0.25
2026-05-26,6,Oncology,3,8,0.375
2026-05-27,6,Oncology,3,8,0.375
2026-05-28,6,Oncology,5,8,0.625
2026-05-29,6,Oncology,5,8,0.625
2026-05-30,6,Oncology,6,8,0.75
2026-05-31,6,Oncology,4,8,0.5
2026-06-01,6,Oncology,4,8,0.5
2026-06-02,6,Oncology,4,8,0.5
2026-06-03,6,Oncology,2,8,0.25
2026-06-04,6,Oncology,2,8,0.25
2026-06-05,6,Oncology,4,8,0.5
2026-06-06,6,Oncology,7,8,0.875
2026-06-07,6,Oncology,6,8,0.75
2026-06-08,6,Oncology,5,8,0.625
2026-06-09,6,Oncology,4,8,0.5
2026-06-10,6,Oncology,7,8,0.875
2026-06-11,6,Oncology,7,8,0.875
2026-06-12,6,Oncology,5,8,0.625
2026-06-13,6,Oncology,4,8,0.5
2026-06-14,6,Oncology,3,8,0.375
2026-06-15,6,Oncology,5,8,0.625
2026-06-16,6,Oncology,4,8,0.5
2026-06-17,6,Oncology,6,8,0.75
2026-06-18,6,Oncology,5,8,0.625
2026-06-19,6,Oncology,5,8,0.625
2026-06-20,6,Oncology,5,8,0.625
2026-06-21,6,Oncology,4,8,0.5
2026-06-22,6,Oncology,4,8,0.5
2026-06-23,6,Oncology,3,8,0.375
2026-06-24,6,Oncology,3,8,0.375
2026-06-25,6,Oncology,3,8,0.375
2026-06-26,6,Oncology,6,8,0.75
2026-06-27,6,Oncology,6,8,0.75
2026-06-28,6,Oncology,6,8,0.75
2026-06-29,6,Oncology,5,8,0.625
2026-06-30,6,Oncology,5,8,0.625
2026-07-01,6,Oncology,5,8,0.625
2026-07-02,6,Oncology,4,8,0.5
2026-07-03,6,Oncology,4,8,0.5
2026-07-04,6,Oncology,3,8,0.375
2026-07-05,6,Oncology,3,8,0.375
2026-07-06,6,Oncology,4,8,0.5
2026-07-07,6,Oncology,5,8,0.625
2026-07-08,6,Oncology,7,8,0.875
2026-07-09,6,Oncology,5,8,0.625
2026-07-10,6,Oncology,5,8,0.625
2026-07-11,6,Oncology,6,8,0.75
2026-07-12,6,Oncology,5,8,0.625
2026-07-13,6,Oncology,6,8,0.75
2026-07-14,6,Oncology,6,8,0.75
2026-07-15,6,Oncology,7,8,0.875
2026-07-16,6,Oncology,8,8,1.0
2026-07-17,6,Oncology,7,8,0.875
2026-07-18,6,Oncology,5,8,0.625
2026-07-19,6,Oncology,5,8,0.625
2026-07-20,6,Oncology,5,8,0.625
2026-07-21,6,Oncology,6,8,0.75
2026-07-22,6,Oncology,5,8,0.625
2026-07-23,6,Oncology,5,8,0.625
2026-07-24,6,Oncology,9,8,1.125
2026-07-25,6,Oncology,7,8,0.875
2026-07-26,6,Oncology,6,8,0.75
2026-07-27,6,Oncology,7,8,0.875
2026-07-28,6,Oncology,8,8,1.0
2026-07-29,6,Oncology,6,8,0.75
2026-07-30,6,Oncology,6,8,0.75
2026-07-31,6,Oncology,7,8,0.875
2026-08-01,6,Oncology,7,8,0.875
2026-08-02,6,Oncology,7,8,0.875
2026-08-03,6,Oncology,4,8,0.5
2026-08-04,6,Oncology,6,8,0.75
2026-08-05,6,Oncology,7,8,0.875
2026-08-06,6,Oncology,5,8,0.625
2026-08-07,6,Oncology,6,8,0.75
2026-08-08,6,Oncology,4,8,0.5
2026-08-09,6,Oncology,4,8,0.5
2026-08-10,6,Oncology,4,8,0.5
2026-08-11,6,Oncology,6,8,0.75
2026-08-12,6,Oncology,6,8,0.75
2026-08-13,6,Oncology,5,8,0.625
2026-08-14,6,Oncology,6,8,0.75
2026-08-15,6,Oncology,5,8,0.625
2026-08-16,6,Oncology,4,8,0.5
2026-08-17,6,Oncology,6,8,0.75
2026-08-18,6,Oncology,3,8,0.375
2026-08-19,6,Oncology,4,8,0.5
2026-08-20,6,Oncology,6,8,0.75
2026-08-21,6,Oncology,6,8,0.75
2026-08-22,6,Oncology,4,8,0.5
2026-08-23,6,Oncology,4,8,0.5
2026-08-24,6,Oncology,4,8,0.5
2026-08-25,6,Oncology,8,8,1.0
2026-08-26,6,Oncology,7,8,0.875
2026-08-27,6,Oncology,7,8,0.875
2026-08-28,6,Oncology,5,8,0.625
2026-08-29,6,Oncology,5,8,0.625
2026-08-30,6,Oncology,3,8,0.375
2026-08-31,6,Oncology,2,8,0.25
2024-01-01,8,Women's Health,1,10,0.1
2024-01-02,8,Women's Health,3,10,0.3
2024-01-03,8,Women's Health,3,10,0.3
2024-01-04,8,Women's Health,3,10,0.3
2024-01-05,8,Women's Health,4,10,0.4
2024-01-06,8,Women's Health,4,10,0.4
2024-01-07,8,Women's Health,4,10,0.4
2024-01-08,8,Women's Health,5,10,0.5
2024-01-09,8,Women's Health,5,10,0.5
2024-01-10,8,Women's Health,5,10,0.5
2024-01-11,8,Women's Health,2,10,0.2
2024-01-12,8,Women's Health,4,10,0.4
2024-01-13,8,Women's Health,2,10,0.2
2024-01-14,8,Women's Health,1,10,0.1
2024-01-15,8,Women's Health,1,10,0.1
2024-01-16,8,Women's Health,1,10,0.1
2024-01-17,8,Women's Health,2,10,0.2
2024-01-18,8,Women's Health,5,10,0.5
2024-01-19,8,Women's Health,6,10,0.6
2024-01-20,8,Women's Health,6,10,0.6
2024-01-21,8,Women's Health,9,10,0.9
2024-01-22,8,Women's Health,7,10,0.7
2024-01-23,8,Women's Health,9,10,0.9
2024-01-24,8,Women's Health,8,10,0.8
2024-01-25,8,Women's Health,5,10,0.5
2024-01-26,8,Women's Health,6,10,0.6
2024-01-27,8,Women's Health,6,10,0.6
2024-01-28,8,Women's Health,6,10,0.6
2024-01-29,8,Women's Health,9,10,0.9
2024-01-30,8,Women's Health,10,10,1.0
2024-01-31,8,Women's Health,7,10,0.7
2024-02-01,8,Women's Health,6,10,0.6
2024-02-02,8,Women's Health,5,10,0.5
2024-02-03,8,Women's Health,2,10,0.2
2024-02-04,8,Women's Health,4,10,0.4
2024-02-05,8,Women's Health,5,10,0.5
2024-02-06,8,Women's Health,5,10,0.5
2024-02-07,8,Women's Health,4,10,0.4
2024-02-08,8,Women's Health,4,10,0.4
2024-02-09,8,Women's Health,6,10,0.6
2024-02-10,8,Women's Health,3,10,0.3
2024-02-11,8,Women's Health,5,10,0.5
2024-02-12,8,Women's Health,5,10,0.5
2024-02-13,8,Women's Health,9,10,0.9
2024-02-14,8,Women's Health,4,10,0.4
2024-02-15,8,Women's Health,4,10,0.4
2024-02-16,8,Women's Health,3,10,0.3
2024-02-17,8,Women's Health,5,10,0.5
2024-02-18,8,Women's Health,7,10,0.7
2024-02-19,8,Women's Health,7,10,0.7
2024-02-20,8,Women's Health,10,10,1.0
2024-02-21,8,Women's Health,11,10,1.1
2024-02-22,8,Women's Health,8,10,0.8
2024-02-23,8,Women's Health,11,10,1.1
2024-02-24,8,Women's Health,8,10,0.8
2024-02-25,8,Women's Health,9,10,0.9
2024-02-26,8,Women's Health,7,10,0.7
2024-02-27,8,Women's Health,7,10,0.7
2024-02-28,8,Women's Health,5,10,0.5
2024-02-29,8,Women's Health,5,10,0.5
2024-03-01,8,Women's Health,4,10,0.4
2024-03-02,8,Women's Health,3,10,0.3
2024-03-03,8,Women's Health,3,10,0.3
2024-03-04,8,Women's Health,3,10,0.3
2024-03-05,8,Women's Health,3,10,0.3
2024-03-06,8,Women's Health,4,10,0.4
2024-03-07,8,Women's Health,6,10,0.6
2024-03-08,8,Women's Health,5,10,0.5
2024-03-09,8,Women's Health,7,10,0.7
2024-03-10,8,Women's Health,6,10,0.6
2024-03-11,8,Women's Health,5,10,0.5
2024-03-12,8,Women's Health,5,10,0.5
2024-03-13,8,Women's Health,6,10,0.6
2024-03-14,8,Women's Health,4,10,0.4
2024-03-15,8,Women's Health,4,10,0.4
2024-03-16,8,Women's Health,6,10,0.6
2024-03-17,8,Women's Health,6,10,0.6
2024-03-18,8,Women's Health,5,10,0.5
2024-03-19,8,Women's Health,6,10,0.6
2024-03-20,8,Women's Health,6,10,0.6
2024-03-21,8,Women's Health,7,10,0.7
2024-03-22,8,Women's Health,7,10,0.7
2024-03-23,8,Women's Health,6,10,0.6
2024-03-24,8,Women's Health,4,10,0.4
2024-03-25,8,Women's Health,3,10,0.3
2024-03-26,8,Women's Health,3,10,0.3
2024-03-27,8,Women's Health,4,10,0.4
2024-03-28,8,Women's Health,5,10,0.5
2024-03-29,8,Women's Health,4,10,0.4
2024-03-30,8,Women's Health,5,10,0.5
2024-03-31,8,Women's Health,3,10,0.3
2024-04-01,8,Women's Health,6,10,0.6
2024-04-02,8,Women's Health,2,10,0.2
2024-04-03,8,Women's Health,2,10,0.2
2024-04-04,8,Women's Health,1,10,0.1
2024-04-05,8,Women's Health,1,10,0.1
2024-04-06,8,Women's Health,1,10,0.1
2024-04-07,8,Women's Health,4,10,0.4
2024-04-08,8,Women's Health,4,10,0.4
2024-04-09,8,Women's Health,8,10,0.8
2024-04-10,8,Women's Health,7,10,0.7
2024-04-11,8,Women's Health,6,10,0.6
2024-04-12,8,Women's Health,4,10,0.4
2024-04-13,8,Women's Health,7,10,0.7
2024-04-14,8,Women's Health,4,10,0.4
2024-04-15,8,Women's Health,3,10,0.3
2024-04-16,8,Women's Health,3,10,0.3
2024-04-17,8,Women's Health,4,10,0.4
2024-04-18,8,Women's Health,3,10,0.3
2024-04-19,8,Women's Health,6,10,0.6
2024-04-20,8,Women's Health,6,10,0.6
2024-04-21,8,Women's Health,4,10,0.4
2024-04-22,8,Women's Health,2,10,0.2
2024-04-23,8,Women's Health,2,10,0.2
2024-04-24,8,Women's Health,3,10,0.3
2024-04-25,8,Women's Health,1,10,0.1
2024-04-26,8,Women's Health,1,10,0.1
2024-04-27,8,Women's Health,3,10,0.3
2024-04-28,8,Women's Health,6,10,0.6
2024-04-29,8,Women's Health,5,10,0.5
2024-04-30,8,Women's Health,5,10,0.5
2024-05-01,8,Women's Health,8,10,0.8
2024-05-02,8,Women's Health,7,10,0.7
2024-05-03,8,Women's Health,7,10,0.7
2024-05-04,8,Women's Health,7,10,0.7
2024-05-05,8,Women's Health,8,10,0.8
2024-05-06,8,Women's Health,9,10,0.9
2024-05-07,8,Women's Health,6,10,0.6
2024-05-08,8,Women's Health,6,10,0.6
2024-05-09,8,Women's Health,4,10,0.4
2024-05-10,8,Women's Health,3,10,0.3
2024-05-11,8,Women's Health,6,10,0.6
2024-05-12,8,Women's Health,6,10,0.6
2024-05-13,8,Women's Health,8,10,0.8
2024-05-14,8,Women's Health,8,10,0.8
2024-05-15,8,Women's Health,7,10,0.7
2024-05-16,8,Women's Health,7,10,0.7
2024-05-17,8,Women's Health,6,10,0.6
2024-05-18,8,Women's Health,5,10,0.5
2024-05-19,8,Women's Health,6,10,0.6
2024-05-20,8,Women's Health,4,10,0.4
2024-05-21,8,Women's Health,3,10,0.3
2024-05-22,8,Women's Health,7,10,0.7
2024-05-23,8,Women's Health,6,10,0.6
2024-05-24,8,Women's Health,6,10,0.6
2024-05-25,8,Women's Health,6,10,0.6
2024-05-26,8,Women's Health,6,10,0.6
2024-05-27,8,Women's Health,7,10,0.7
2024-05-28,8,Women's Health,4,10,0.4
2024-05-29,8,Women's Health,4,10,0.4
2024-05-30,8,Women's Health,4,10,0.4
2024-05-31,8,Women's Health,5,10,0.5
2024-06-01,8,Women's Health,6,10,0.6
2024-06-02,8,Women's Health,6,10,0.6
2024-06-03,8,Women's Health,8,10,0.8
2024-06-04,8,Women's Health,7,10,0.7
2024-06-05,8,Women's Health,9,10,0.9
2024-06-06,8,Women's Health,7,10,0.7
2024-06-07,8,Women's Health,7,10,0.7
2024-06-08,8,Women's Health,7,10,0.7
2024-06-09,8,Women's Health,10,10,1.0
2024-06-10,8,Women's Health,9,10,0.9
2024-06-11,8,Women's Health,10,10,1.0
2024-06-12,8,Women's Health,13,10,1.3
2024-06-13,8,Women's Health,10,10,1.0
2024-06-14,8,Women's Health,9,10,0.9
2024-06-15,8,Women's Health,7,10,0.7
2024-06-16,8,Women's Health,8,10,0.8
2024-06-17,8,Women's Health,6,10,0.6
2024-06-18,8,Women's Health,6,10,0.6
2024-06-19,8,Women's Health,7,10,0.7
2024-06-20,8,Women's Health,7,10,0.7
2024-06-21,8,Women's Health,6,10,0.6
2024-06-22,8,Women's Health,6,10,0.6
2024-06-23,8,Women's Health,4,10,0.4
2024-06-24,8,Women's Health,5,10,0.5
2024-06-25,8,Women's Health,7,10,0.7
2024-06-26,8,Women's Health,9,10,0.9
2024-06-27,8,Women's Health,8,10,0.8
2024-06-28,8,Women's Health,10,10,1.0
2024-06-29,8,Women's Health,9,10,0.9
2024-06-30,8,Women's Health,8,10,0.8
2024-07-01,8,Women's Health,8,10,0.8
2024-07-02,8,Women's Health,6,10,0.6
2024-07-03,8,Women's Health,2,10,0.2
2024-07-04,8,Women's Health,3,10,0.3
2024-07-05,8,Women's Health,3,10,0.3
2024-07-06,8,Women's Health,5,10,0.5
2024-07-07,8,Women's Health,6,10,0.6
2024-07-08,8,Women's Health,5,10,0.5
2024-07-09,8,Women's Health,5,10,0.5
2024-07-10,8,Women's Health,6,10,0.6
2024-07-11,8,Women's Health,8,10,0.8
2024-07-12,8,Women's Health,5,10,0.5
2024-07-13,8,Women's Health,4,10,0.4
2024-07-14,8,Women's Health,5,10,0.5
2024-07-15,8,Women's Health,5,10,0.5
2024-07-16,8,Women's Health,6,10,0.6
2024-07-17,8,Women's Health,2,10,0.2
2024-07-18,8,Women's Health,2,10,0.2
2024-07-19,8,Women's Health,5,10,0.5
2024-07-20,8,Women's Health,3,10,0.3
2024-07-21,8,Women's Health,4,10,0.4
2024-07-22,8,Women's Health,4,10,0.4
2024-07-23,8,Women's Health,3,10,0.3
2024-07-24,8,Women's Health,4,10,0.4
2024-07-25,8,Women's Health,3,10,0.3
2024-07-26,8,Women's Health,4,10,0.4
2024-07-27,8,Women's Health,6,10,0.6
2024-07-28,8,Women's Health,5,10,0.5
2024-07-29,8,Women's Health,4,10,0.4
2024-07-30,8,Women's Health,6,10,0.6
2024-07-31,8,Women's Health,11,10,1.1
2024-08-01,8,Women's Health,9,10,0.9
2024-08-02,8,Women's Health,7,10,0.7
2024-08-03,8,Women's Health,7,10,0.7
2024-08-04,8,Women's Health,6,10,0.6
2024-08-05,8,Women's Health,2,10,0.2
2024-08-06,8,Women's Health,3,10,0.3
2024-08-07,8,Women's Health,4,10,0.4
2024-08-08,8,Women's Health,4,10,0.4
2024-08-09,8,Women's Health,4,10,0.4
2024-08-10,8,Women's Health,3,10,0.3
2024-08-11,8,Women's Health,3,10,0.3
2024-08-12,8,Women's Health,4,10,0.4
2024-08-13,8,Women's Health,3,10,0.3
2024-08-14,8,Women's Health,5,10,0.5
2024-08-15,8,Women's Health,5,10,0.5
2024-08-16,8,Women's Health,5,10,0.5
2024-08-17,8,Women's Health,6,10,0.6
2024-08-18,8,Women's Health,7,10,0.7
2024-08-19,8,Women's Health,4,10,0.4
2024-08-20,8,Women's Health,4,10,0.4
2024-08-21,8,Women's Health,5,10,0.5
2024-08-22,8,Women's Health,6,10,0.6
2024-08-23,8,Women's Health,5,10,0.5
2024-08-24,8,Women's Health,6,10,0.6
2024-08-25,8,Women's Health,5,10,0.5
2024-08-26,8,Women's Health,6,10,0.6
2024-08-27,8,Women's Health,6,10,0.6
2024-08-28,8,Women's Health,6,10,0.6
2024-08-29,8,Women's Health,6,10,0.6
2024-08-30,8,Women's Health,6,10,0.6
2024-08-31,8,Women's Health,4,10,0.4
2024-09-01,8,Women's Health,4,10,0.4
2024-09-02,8,Women's Health,4,10,0.4
2024-09-03,8,Women's Health,5,10,0.5
2024-09-04,8,Women's Health,5,10,0.5
2024-09-05,8,Women's Health,5,10,0.5
2024-09-06,8,Women's Health,7,10,0.7
2024-09-07,8,Women's Health,5,10,0.5
2024-09-08,8,Women's Health,4,10,0.4
2024-09-09,8,Women's Health,7,10,0.7
2024-09-10,8,Women's Health,4,10,0.4
2024-09-11,8,Women's Health,8,10,0.8
2024-09-12,8,Women's Health,9,10,0.9
2024-09-13,8,Women's Health,8,10,0.8
2024-09-14,8,Women's Health,8,10,0.8
2024-09-15,8,Women's Health,7,10,0.7
2024-09-16,8,Women's Health,5,10,0.5
2024-09-17,8,Women's Health,5,10,0.5
2024-09-18,8,Women's Health,6,10,0.6
2024-09-19,8,Women's Health,5,10,0.5
2024-09-20,8,Women's Health,7,10,0.7
2024-09-21,8,Women's Health,7,10,0.7
2024-09-22,8,Women's Health,5,10,0.5
2024-09-23,8,Women's Health,8,10,0.8
2024-09-24,8,Women's Health,8,10,0.8
2024-09-25,8,Women's Health,8,10,0.8
2024-09-26,8,Women's Health,7,10,0.7
2024-09-27,8,Women's Health,7,10,0.7
2024-09-28,8,Women's Health,6,10,0.6
2024-09-29,8,Women's Health,6,10,0.6
2024-09-30,8,Women's Health,6,10,0.6
2024-10-01,8,Women's Health,6,10,0.6
2024-10-02,8,Women's Health,8,10,0.8
2024-10-03,8,Women's Health,7,10,0.7
2024-10-04,8,Women's Health,9,10,0.9
2024-10-05,8,Women's Health,4,10,0.4
2024-10-06,8,Women's Health,3,10,0.3
2024-10-07,8,Women's Health,3,10,0.3
2024-10-08,8,Women's Health,5,10,0.5
2024-10-09,8,Women's Health,4,10,0.4
2024-10-10,8,Women's Health,6,10,0.6
2024-10-11,8,Women's Health,6,10,0.6
2024-10-12,8,Women's Health,5,10,0.5
2024-10-13,8,Women's Health,6,10,0.6
2024-10-14,8,Women's Health,5,10,0.5
2024-10-15,8,Women's Health,5,10,0.5
2024-10-16,8,Women's Health,5,10,0.5
2024-10-17,8,Women's Health,3,10,0.3
2024-10-18,8,Women's Health,3,10,0.3
2024-10-19,8,Women's Health,4,10,0.4
2024-10-20,8,Women's Health,3,10,0.3
2024-10-21,8,Women's Health,3,10,0.3
2024-10-22,8,Women's Health,5,10,0.5
2024-10-23,8,Women's Health,8,10,0.8
2024-10-24,8,Women's Health,9,10,0.9
2024-10-25,8,Women's Health,7,10,0.7
2024-10-26,8,Women's Health,6,10,0.6
2024-10-27,8,Women's Health,6,10,0.6
2024-10-28,8,Women's Health,7,10,0.7
2024-10-29,8,Women's Health,8,10,0.8
2024-10-30,8,Women's Health,8,10,0.8
2024-10-31,8,Women's Health,7,10,0.7
2024-11-01,8,Women's Health,6,10,0.6
2024-11-02,8,Women's Health,9,10,0.9
2024-11-03,8,Women's Health,11,10,1.1
2024-11-04,8,Women's Health,8,10,0.8
2024-11-05,8,Women's Health,7,10,0.7
2024-11-06,8,Women's Health,7,10,0.7
2024-11-07,8,Women's Health,7,10,0.7
2024-11-08,8,Women's Health,8,10,0.8
2024-11-09,8,Women's Health,9,10,0.9
2024-11-10,8,Women's Health,7,10,0.7
2024-11-11,8,Women's Health,9,10,0.9
2024-11-12,8,Women's Health,8,10,0.8
2024-11-13,8,Women's Health,7,10,0.7
2024-11-14,8,Women's Health,3,10,0.3
2024-11-15,8,Women's Health,4,10,0.4
2024-11-16,8,Women's Health,3,10,0.3
2024-11-17,8,Women's Health,2,10,0.2
2024-11-18,8,Women's Health,2,10,0.2
2024-11-19,8,Women's Health,2,10,0.2
2024-11-20,8,Women's Health,4,10,0.4
2024-11-21,8,Women's Health,4,10,0.4
2024-11-22,8,Women's Health,4,10,0.4
2024-11-23,8,Women's Health,3,10,0.3
2024-11-24,8,Women's Health,5,10,0.5
2024-11-25,8,Women's Health,4,10,0.4
2024-11-26,8,Women's Health,6,10,0.6
2024-11-27,8,Women's Health,5,10,0.5
2024-11-28,8,Women's Health,5,10,0.5
2024-11-29,8,Women's Health,8,10,0.8
2024-11-30,8,Women's Health,10,10,1.0
2024-12-01,8,Women's Health,10,10,1.0
2024-12-02,8,Women's Health,7,10,0.7
2024-12-03,8,Women's Health,6,10,0.6
2024-12-04,8,Women's Health,6,10,0.6
2024-12-05,8,Women's Health,5,10,0.5
2024-12-06,8,Women's Health,6,10,0.6
2024-12-07,8,Women's Health,6,10,0.6
2024-12-08,8,Women's Health,8,10,0.8
2024-12-09,8,Women's Health,8,10,0.8
2024-12-10,8,Women's Health,10,10,1.0
2024-12-11,8,Women's Health,13,10,1.3
2024-12-12,8,Women's Health,11,10,1.1
2024-12-13,8,Women's Health,10,10,1.0
2024-12-14,8,Women's Health,10,10,1.0
2024-12-15,8,Women's Health,9,10,0.9
2024-12-16,8,Women's Health,8,10,0.8
2024-12-17,8,Women's Health,8,10,0.8
2024-12-18,8,Women's Health,7,10,0.7
2024-12-19,8,Women's Health,7,10,0.7
2024-12-20,8,Women's Health,7,10,0.7
2024-12-21,8,Women's Health,5,10,0.5
2024-12-22,8,Women's Health,4,10,0.4
2024-12-23,8,Women's Health,4,10,0.4
2024-12-24,8,Women's Health,4,10,0.4
2024-12-25,8,Women's Health,5,10,0.5
2024-12-26,8,Women's Health,5,10,0.5
2024-12-27,8,Women's Health,4,10,0.4
2024-12-28,8,Women's Health,5,10,0.5
2024-12-29,8,Women's Health,5,10,0.5
2024-12-30,8,Women's Health,6,10,0.6
2024-12-31,8,Women's Health,6,10,0.6
2025-01-01,8,Women's Health,3,10,0.3
2025-01-02,8,Women's Health,3,10,0.3
2025-01-03,8,Women's Health,2,10,0.2
2025-01-04,8,Women's Health,2,10,0.2
2025-01-05,8,Women's Health,2,10,0.2
2025-01-06,8,Women's Health,3,10,0.3
2025-01-07,8,Women's Health,4,10,0.4
2025-01-08,8,Women's Health,4,10,0.4
2025-01-09,8,Women's Health,6,10,0.6
2025-01-10,8,Women's Health,6,10,0.6
2025-01-11,8,Women's Health,5,10,0.5
2025-01-12,8,Women's Health,6,10,0.6
2025-01-13,8,Women's Health,4,10,0.4
2025-01-14,8,Women's Health,5,10,0.5
2025-01-15,8,Women's Health,6,10,0.6
2025-01-16,8,Women's Health,4,10,0.4
2025-01-17,8,Women's Health,3,10,0.3
2025-01-18,8,Women's Health,4,10,0.4
2025-01-19,8,Women's Health,2,10,0.2
2025-01-20,8,Women's Health,3,10,0.3
2025-01-21,8,Women's Health,4,10,0.4
2025-01-22,8,Women's Health,4,10,0.4
2025-01-23,8,Women's Health,4,10,0.4
2025-01-24,8,Women's Health,2,10,0.2
2025-01-25,8,Women's Health,4,10,0.4
2025-01-26,8,Women's Health,6,10,0.6
2025-01-27,8,Women's Health,6,10,0.6
2025-01-28,8,Women's Health,9,10,0.9
2025-01-29,8,Women's Health,9,10,0.9
2025-01-30,8,Women's Health,7,10,0.7
2025-01-31,8,Women's Health,7,10,0.7
2025-02-01,8,Women's Health,6,10,0.6
2025-02-02,8,Women's Health,8,10,0.8
2025-02-03,8,Women's Health,9,10,0.9
2025-02-04,8,Women's Health,11,10,1.1
2025-02-05,8,Women's Health,12,10,1.2
2025-02-06,8,Women's Health,9,10,0.9
2025-02-07,8,Women's Health,9,10,0.9
2025-02-08,8,Women's Health,11,10,1.1
2025-02-09,8,Women's Health,10,10,1.0
2025-02-10,8,Women's Health,8,10,0.8
2025-02-11,8,Women's Health,7,10,0.7
2025-02-12,8,Women's Health,7,10,0.7
2025-02-13,8,Women's Health,8,10,0.8
2025-02-14,8,Women's Health,8,10,0.8
2025-02-15,8,Women's Health,6,10,0.6
2025-02-16,8,Women's Health,6,10,0.6
2025-02-17,8,Women's Health,6,10,0.6
2025-02-18,8,Women's Health,5,10,0.5
2025-02-19,8,Women's Health,9,10,0.9
2025-02-20,8,Women's Health,9,10,0.9
2025-02-21,8,Women's Health,10,10,1.0
2025-02-22,8,Women's Health,9,10,0.9
2025-02-23,8,Women's Health,9,10,0.9
2025-02-24,8,Women's Health,4,10,0.4
2025-02-25,8,Women's Health,4,10,0.4
2025-02-26,8,Women's Health,7,10,0.7
2025-02-27,8,Women's Health,8,10,0.8
2025-02-28,8,Women's Health,6,10,0.6
2025-03-01,8,Women's Health,8,10,0.8
2025-03-02,8,Women's Health,9,10,0.9
2025-03-03,8,Women's Health,9,10,0.9
2025-03-04,8,Women's Health,11,10,1.1
2025-03-05,8,Women's Health,12,10,1.2
2025-03-06,8,Women's Health,10,10,1.0
2025-03-07,8,Women's Health,7,10,0.7
2025-03-08,8,Women's Health,6,10,0.6
2025-03-09,8,Women's Health,7,10,0.7
2025-03-10,8,Women's Health,4,10,0.4
2025-03-11,8,Women's Health,6,10,0.6
2025-03-12,8,Women's Health,7,10,0.7
2025-03-13,8,Women's Health,5,10,0.5
2025-03-14,8,Women's Health,7,10,0.7
2025-03-15,8,Women's Health,7,10,0.7
2025-03-16,8,Women's Health,8,10,0.8
2025-03-17,8,Women's Health,6,10,0.6
2025-03-18,8,Women's Health,5,10,0.5
2025-03-19,8,Women's Health,7,10,0.7
2025-03-20,8,Women's Health,5,10,0.5
2025-03-21,8,Women's Health,3,10,0.3
2025-03-22,8,Women's Health,3,10,0.3
2025-03-23,8,Women's Health,3,10,0.3
2025-03-24,8,Women's Health,4,10,0.4
2025-03-25,8,Women's Health,4,10,0.4
2025-03-26,8,Women's Health,5,10,0.5
2025-03-27,8,Women's Health,5,10,0.5
2025-03-28,8,Women's Health,5,10,0.5
2025-03-29,8,Women's Health,6,10,0.6
2025-03-30,8,Women's Health,5,10,0.5
2025-03-31,8,Women's Health,5,10,0.5
2025-04-01,8,Women's Health,3,10,0.3
2025-04-02,8,Women's Health,3,10,0.3
2025-04-03,8,Women's Health,3,10,0.3
2025-04-04,8,Women's Health,3,10,0.3
2025-04-05,8,Women's Health,3,10,0.3
2025-04-06,8,Women's Health,2,10,0.2
2025-04-07,8,Women's Health,3,10,0.3
2025-04-08,8,Women's Health,4,10,0.4
2025-04-09,8,Women's Health,7,10,0.7
2025-04-10,8,Women's Health,8,10,0.8
2025-04-11,8,Women's Health,8,10,0.8
2025-04-12,8,Women's Health,6,10,0.6
2025-04-13,8,Women's Health,5,10,0.5
2025-04-14,8,Women's Health,6,10,0.6
2025-04-15,8,Women's Health,5,10,0.5
2025-04-16,8,Women's Health,7,10,0.7
2025-04-17,8,Women's Health,6,10,0.6
2025-04-18,8,Women's Health,4,10,0.4
2025-04-19,8,Women's Health,6,10,0.6
2025-04-20,8,Women's Health,6,10,0.6
2025-04-21,8,Women's Health,5,10,0.5
2025-04-22,8,Women's Health,3,10,0.3
2025-04-23,8,Women's Health,2,10,0.2
2025-04-24,8,Women's Health,3,10,0.3
2025-04-25,8,Women's Health,3,10,0.3
2025-04-26,8,Women's Health,3,10,0.3
2025-04-27,8,Women's Health,2,10,0.2
2025-04-28,8,Women's Health,3,10,0.3
2025-04-29,8,Women's Health,4,10,0.4
2025-04-30,8,Women's Health,7,10,0.7
2025-05-01,8,Women's Health,4,10,0.4
2025-05-02,8,Women's Health,4,10,0.4
2025-05-03,8,Women's Health,4,10,0.4
2025-05-04,8,Women's Health,3,10,0.3
2025-05-05,8,Women's Health,1,10,0.1
2025-05-06,8,Women's Health,2,10,0.2
2025-05-07,8,Women's Health,2,10,0.2
2025-05-08,8,Women's Health,2,10,0.2
2025-05-09,8,Women's Health,1,10,0.1
2025-05-10,8,Women's Health,2,10,0.2
2025-05-11,8,Women's Health,1,10,0.1
2025-05-12,8,Women's Health,2,10,0.2
2025-05-13,8,Women's Health,4,10,0.4
2025-05-14,8,Women's Health,5,10,0.5
2025-05-15,8,Women's Health,9,10,0.9
2025-05-16,8,Women's Health,10,10,1.0
2025-05-17,8,Women's Health,7,10,0.7
2025-05-18,8,Women's Health,8,10,0.8
2025-05-19,8,Women's Health,4,10,0.4
2025-05-20,8,Women's Health,5,10,0.5
2025-05-21,8,Women's Health,5,10,0.5
2025-05-22,8,Women's Health,3,10,0.3
2025-05-23,8,Women's Health,2,10,0.2
2025-05-24,8,Women's Health,7,10,0.7
2025-05-25,8,Women's Health,7,10,0.7
2025-05-26,8,Women's Health,7,10,0.7
2025-05-27,8,Women's Health,9,10,0.9
2025-05-28,8,Women's Health,9,10,0.9
2025-05-29,8,Women's Health,8,10,0.8
2025-05-30,8,Women's Health,5,10,0.5
2025-05-31,8,Women's Health,5,10,0.5
2025-06-01,8,Women's Health,9,10,0.9
2025-06-02,8,Women's Health,6,10,0.6
2025-06-03,8,Women's Health,7,10,0.7
2025-06-04,8,Women's Health,7,10,0.7
2025-06-05,8,Women's Health,10,10,1.0
2025-06-06,8,Women's Health,11,10,1.1
2025-06-07,8,Women's Health,9,10,0.9
2025-06-08,8,Women's Health,9,10,0.9
2025-06-09,8,Women's Health,8,10,0.8
2025-06-10,8,Women's Health,9,10,0.9
2025-06-11,8,Women's Health,7,10,0.7
2025-06-12,8,Women's Health,4,10,0.4
2025-06-13,8,Women's Health,5,10,0.5
2025-06-14,8,Women's Health,7,10,0.7
2025-06-15,8,Women's Health,7,10,0.7
2025-06-16,8,Women's Health,6,10,0.6
2025-06-17,8,Women's Health,7,10,0.7
2025-06-18,8,Women's Health,8,10,0.8
2025-06-19,8,Women's Health,11,10,1.1
2025-06-20,8,Women's Health,7,10,0.7
2025-06-21,8,Women's Health,6,10,0.6
2025-06-22,8,Women's Health,4,10,0.4
2025-06-23,8,Women's Health,2,10,0.2
2025-06-24,8,Women's Health,3,10,0.3
2025-06-25,8,Women's Health,6,10,0.6
2025-06-26,8,Women's Health,8,10,0.8
2025-06-27,8,Women's Health,5,10,0.5
2025-06-28,8,Women's Health,6,10,0.6
2025-06-29,8,Women's Health,5,10,0.5
2025-06-30,8,Women's Health,6,10,0.6
2025-07-01,8,Women's Health,7,10,0.7
2025-07-02,8,Women's Health,5,10,0.5
2025-07-03,8,Women's Health,6,10,0.6
2025-07-04,8,Women's Health,4,10,0.4
2025-07-05,8,Women's Health,1,10,0.1
2025-07-06,8,Women's Health,3,10,0.3
2025-07-07,8,Women's Health,3,10,0.3
2025-07-08,8,Women's Health,5,10,0.5
2025-07-09,8,Women's Health,3,10,0.3
2025-07-10,8,Women's Health,3,10,0.3
2025-07-11,8,Women's Health,4,10,0.4
2025-07-12,8,Women's Health,3,10,0.3
2025-07-13,8,Women's Health,2,10,0.2
2025-07-14,8,Women's Health,3,10,0.3
2025-07-15,8,Women's Health,4,10,0.4
2025-07-16,8,Women's Health,4,10,0.4
2025-07-17,8,Women's Health,6,10,0.6
2025-07-18,8,Women's Health,7,10,0.7
2025-07-19,8,Women's Health,8,10,0.8
2025-07-20,8,Women's Health,11,10,1.1
2025-07-21,8,Women's Health,11,10,1.1
2025-07-22,8,Women's Health,9,10,0.9
2025-07-23,8,Women's Health,7,10,0.7
2025-07-24,8,Women's Health,8,10,0.8
2025-07-25,8,Women's Health,7,10,0.7
2025-07-26,8,Women's Health,6,10,0.6
2025-07-27,8,Women's Health,6,10,0.6
2025-07-28,8,Women's Health,4,10,0.4
2025-07-29,8,Women's Health,4,10,0.4
2025-07-30,8,Women's Health,4,10,0.4
2025-07-31,8,Women's Health,4,10,0.4
2025-08-01,8,Women's Health,6,10,0.6
2025-08-02,8,Women's Health,6,10,0.6
2025-08-03,8,Women's Health,5,10,0.5
2025-08-04,8,Women's Health,6,10,0.6
2025-08-05,8,Women's Health,6,10,0.6
2025-08-06,8,Women's Health,5,10,0.5
2025-08-07,8,Women's Health,4,10,0.4
2025-08-08,8,Women's Health,4,10,0.4
2025-08-09,8,Women's Health,5,10,0.5
2025-08-10,8,Women's Health,6,10,0.6
2025-08-11,8,Women's Health,5,10,0.5
2025-08-12,8,Women's Health,3,10,0.3
2025-08-13,8,Women's Health,1,10,0.1
2025-08-14,8,Women's Health,3,10,0.3
2025-08-15,8,Women's Health,5,10,0.5
2025-08-16,8,Women's Health,4,10,0.4
2025-08-17,8,Women's Health,1,10,0.1
2025-08-18,8,Women's Health,5,10,0.5
2025-08-19,8,Women's Health,6,10,0.6
2025-08-20,8,Women's Health,5,10,0.5
2025-08-21,8,Women's Health,4,10,0.4
2025-08-22,8,Women's Health,3,10,0.3
2025-08-23,8,Women's Health,5,10,0.5
2025-08-24,8,Women's Health,4,10,0.4
2025-08-25,8,Women's Health,5,10,0.5
2025-08-26,8,Women's Health,4,10,0.4
2025-08-27,8,Women's Health,4,10,0.4
2025-08-28,8,Women's Health,5,10,0.5
2025-08-29,8,Women's Health,7,10,0.7
2025-08-30,8,Women's Health,5,10,0.5
2025-08-31,8,Women's Health,7,10,0.7
2025-09-01,8,Women's Health,8,10,0.8
2025-09-02,8,Women's Health,10,10,1.0
2025-09-03,8,Women's Health,5,10,0.5
2025-09-04,8,Women's Health,5,10,0.5
2025-09-05,8,Women's Health,3,10,0.3
2025-09-06,8,Women's Health,1,10,0.1
2025-09-07,8,Women's Health,0,10,0.0
2025-09-08,8,Women's Health,1,10,0.1
2025-09-09,8,Women's Health,1,10,0.1
2025-09-10,8,Women's Health,1,10,0.1
2025-09-11,8,Women's Health,1,10,0.1
2025-09-12,8,Women's Health,5,10,0.5
2025-09-13,8,Women's Health,5,10,0.5
2025-09-14,8,Women's Health,6,10,0.6
2025-09-15,8,Women's Health,5,10,0.5
2025-09-16,8,Women's Health,5,10,0.5
2025-09-17,8,Women's Health,3,10,0.3
2025-09-18,8,Women's Health,4,10,0.4
2025-09-19,8,Women's Health,7,10,0.7
2025-09-20,8,Women's Health,12,10,1.2
2025-09-21,8,Women's Health,11,10,1.1
2025-09-22,8,Women's Health,8,10,0.8
2025-09-23,8,Women's Health,5,10,0.5
2025-09-24,8,Women's Health,4,10,0.4
2025-09-25,8,Women's Health,4,10,0.4
2025-09-26,8,Women's Health,6,10,0.6
2025-09-27,8,Women's Health,5,10,0.5
2025-09-28,8,Women's Health,6,10,0.6
2025-09-29,8,Women's Health,5,10,0.5
2025-09-30,8,Women's Health,7,10,0.7
2025-10-01,8,Women's Health,7,10,0.7
2025-10-02,8,Women's Health,10,10,1.0
2025-10-03,8,Women's Health,10,10,1.0
2025-10-04,8,Women's Health,8,10,0.8
2025-10-05,8,Women's Health,6,10,0.6
2025-10-06,8,Women's Health,6,10,0.6
2025-10-07,8,Women's Health,6,10,0.6
2025-10-08,8,Women's Health,5,10,0.5
2025-10-09,8,Women's Health,9,10,0.9
2025-10-10,8,Women's Health,7,10,0.7
2025-10-11,8,Women's Health,7,10,0.7
2025-10-12,8,Women's Health,4,10,0.4
2025-10-13,8,Women's Health,4,10,0.4
2025-10-14,8,Women's Health,6,10,0.6
2025-10-15,8,Women's Health,3,10,0.3
2025-10-16,8,Women's Health,3,10,0.3
2025-10-17,8,Women's Health,4,10,0.4
2025-10-18,8,Women's Health,4,10,0.4
2025-10-19,8,Women's Health,7,10,0.7
2025-10-20,8,Women's Health,8,10,0.8
2025-10-21,8,Women's Health,8,10,0.8
2025-10-22,8,Women's Health,5,10,0.5
2025-10-23,8,Women's Health,5,10,0.5
2025-10-24,8,Women's Health,8,10,0.8
2025-10-25,8,Women's Health,6,10,0.6
2025-10-26,8,Women's Health,7,10,0.7
2025-10-27,8,Women's Health,8,10,0.8
2025-10-28,8,Women's Health,10,10,1.0
2025-10-29,8,Women's Health,6,10,0.6
2025-10-30,8,Women's Health,7,10,0.7
2025-10-31,8,Women's Health,7,10,0.7
2025-11-01,8,Women's Health,8,10,0.8
2025-11-02,8,Women's Health,9,10,0.9
2025-11-03,8,Women's Health,6,10,0.6
2025-11-04,8,Women's Health,4,10,0.4
2025-11-05,8,Women's Health,4,10,0.4
2025-11-06,8,Women's Health,6,10,0.6
2025-11-07,8,Women's Health,3,10,0.3
2025-11-08,8,Women's Health,1,10,0.1
2025-11-09,8,Women's Health,2,10,0.2
2025-11-10,8,Women's Health,2,10,0.2
2025-11-11,8,Women's Health,3,10,0.3
2025-11-12,8,Women's Health,4,10,0.4
2025-11-13,8,Women's Health,6,10,0.6
2025-11-14,8,Women's Health,5,10,0.5
2025-11-15,8,Women's Health,6,10,0.6
2025-11-16,8,Women's Health,7,10,0.7
2025-11-17,8,Women's Health,8,10,0.8
2025-11-18,8,Women's Health,5,10,0.5
2025-11-19,8,Women's Health,6,10,0.6
2025-11-20,8,Women's Health,5,10,0.5
2025-11-21,8,Women's Health,6,10,0.6
2025-11-22,8,Women's Health,6,10,0.6
2025-11-23,8,Women's Health,7,10,0.7
2025-11-24,8,Women's Health,7,10,0.7
2025-11-25,8,Women's Health,9,10,0.9
2025-11-26,8,Women's Health,11,10,1.1
2025-11-27,8,Women's Health,9,10,0.9
2025-11-28,8,Women's Health,8,10,0.8
2025-11-29,8,Women's Health,7,10,0.7
2025-11-30,8,Women's Health,5,10,0.5
2025-12-01,8,Women's Health,4,10,0.4
2025-12-02,8,Women's Health,4,10,0.4
2025-12-03,8,Women's Health,5,10,0.5
2025-12-04,8,Women's Health,5,10,0.5
2025-12-05,8,Women's Health,5,10,0.5
2025-12-06,8,Women's Health,4,10,0.4
2025-12-07,8,Women's Health,6,10,0.6
2025-12-08,8,Women's Health,3,10,0.3
2025-12-09,8,Women's Health,2,10,0.2
2025-12-10,8,Women's Health,4,10,0.4
2025-12-11,8,Women's Health,5,10,0.5
2025-12-12,8,Women's Health,4,10,0.4
2025-12-13,8,Women's Health,4,10,0.4
2025-12-14,8,Women's Health,4,10,0.4
2025-12-15,8,Women's Health,4,10,0.4
2025-12-16,8,Women's Health,4,10,0.4
2025-12-17,8,Women's Health,4,10,0.4
2025-12-18,8,Women's Health,6,10,0.6
2025-12-19,8,Women's Health,8,10,0.8
2025-12-20,8,Women's Health,7,10,0.7
2025-12-21,8,Women's Health,7,10,0.7
2025-12-22,8,Women's Health,6,10,0.6
2025-12-23,8,Women's Health,8,10,0.8
2025-12-24,8,Women's Health,7,10,0.7
2025-12-25,8,Women's Health,7,10,0.7
2025-12-26,8,Women's Health,7,10,0.7
2025-12-27,8,Women's Health,8,10,0.8
2025-12-28,8,Women's Health,11,10,1.1
2025-12-29,8,Women's Health,15,10,1.5
2025-12-30,8,Women's Health,13,10,1.3
2025-12-31,8,Women's Health,14,10,1.4
2026-01-01,8,Women's Health,13,10,1.3
2026-01-02,8,Women's Health,8,10,0.8
2026-01-03,8,Women's Health,12,10,1.2
2026-01-04,8,Women's Health,8,10,0.8
2026-01-05,8,Women's Health,7,10,0.7
2026-01-06,8,Women's Health,5,10,0.5
2026-01-07,8,Women's Health,5,10,0.5
2026-01-08,8,Women's Health,5,10,0.5
2026-01-09,8,Women's Health,4,10,0.4
2026-01-10,8,Women's Health,3,10,0.3
2026-01-11,8,Women's Health,2,10,0.2
2026-01-12,8,Women's Health,2,10,0.2
2026-01-13,8,Women's Health,3,10,0.3
2026-01-14,8,Women's Health,6,10,0.6
2026-01-15,8,Women's Health,7,10,0.7
2026-01-16,8,Women's Health,8,10,0.8
2026-01-17,8,Women's Health,8,10,0.8
2026-01-18,8,Women's Health,10,10,1.0
2026-01-19,8,Women's Health,9,10,0.9
2026-01-20,8,Women's Health,8,10,0.8
2026-01-21,8,Women's Health,8,10,0.8
2026-01-22,8,Women's Health,11,10,1.1
2026-01-23,8,Women's Health,10,10,1.0
2026-01-24,8,Women's Health,8,10,0.8
2026-01-25,8,Women's Health,10,10,1.0
2026-01-26,8,Women's Health,10,10,1.0
2026-01-27,8,Women's Health,7,10,0.7
2026-01-28,8,Women's Health,8,10,0.8
2026-01-29,8,Women's Health,8,10,0.8
2026-01-30,8,Women's Health,6,10,0.6
2026-01-31,8,Women's Health,5,10,0.5
2026-02-01,8,Women's Health,5,10,0.5
2026-02-02,8,Women's Health,4,10,0.4
2026-02-03,8,Women's Health,4,10,0.4
2026-02-04,8,Women's Health,3,10,0.3
2026-02-05,8,Women's Health,3,10,0.3
2026-02-06,8,Women's Health,4,10,0.4
2026-02-07,8,Women's Health,6,10,0.6
2026-02-08,8,Women's Health,6,10,0.6
2026-02-09,8,Women's Health,6,10,0.6
2026-02-10,8,Women's Health,6,10,0.6
2026-02-11,8,Women's Health,6,10,0.6
2026-02-12,8,Women's Health,7,10,0.7
2026-02-13,8,Women's Health,7,10,0.7
2026-02-14,8,Women's Health,6,10,0.6
2026-02-15,8,Women's Health,6,10,0.6
2026-02-16,8,Women's Health,7,10,0.7
2026-02-17,8,Women's Health,8,10,0.8
2026-02-18,8,Women's Health,9,10,0.9
2026-02-19,8,Women's Health,8,10,0.8
2026-02-20,8,Women's Health,6,10,0.6
2026-02-21,8,Women's Health,8,10,0.8
2026-02-22,8,Women's Health,6,10,0.6
2026-02-23,8,Women's Health,5,10,0.5
2026-02-24,8,Women's Health,5,10,0.5
2026-02-25,8,Women's Health,7,10,0.7
2026-02-26,8,Women's Health,6,10,0.6
2026-02-27,8,Women's Health,8,10,0.8
2026-02-28,8,Women's Health,7,10,0.7
2026-03-01,8,Women's Health,7,10,0.7
2026-03-02,8,Women's Health,8,10,0.8
2026-03-03,8,Women's Health,10,10,1.0
2026-03-04,8,Women's Health,9,10,0.9
2026-03-05,8,Women's Health,9,10,0.9
2026-03-06,8,Women's Health,8,10,0.8
2026-03-07,8,Women's Health,7,10,0.7
2026-03-08,8,Women's Health,10,10,1.0
2026-03-09,8,Women's Health,11,10,1.1
2026-03-10,8,Women's Health,13,10,1.3
2026-03-11,8,Women's Health,10,10,1.0
2026-03-12,8,Women's Health,7,10,0.7
2026-03-13,8,Women's Health,4,10,0.4
2026-03-14,8,Women's Health,3,10,0.3
2026-03-15,8,Women's Health,4,10,0.4
2026-03-16,8,Women's Health,5,10,0.5
2026-03-17,8,Women's Health,8,10,0.8
2026-03-18,8,Women's Health,5,10,0.5
2026-03-19,8,Women's Health,3,10,0.3
2026-03-20,8,Women's Health,3,10,0.3
2026-03-21,8,Women's Health,5,10,0.5
2026-03-22,8,Women's Health,3,10,0.3
2026-03-23,8,Women's Health,3,10,0.3
2026-03-24,8,Women's Health,4,10,0.4
2026-03-25,8,Women's Health,5,10,0.5
2026-03-26,8,Women's Health,6,10,0.6
2026-03-27,8,Women's Health,5,10,0.5
2026-03-28,8,Women's Health,7,10,0.7
2026-03-29,8,Women's Health,8,10,0.8
2026-03-30,8,Women's Health,8,10,0.8
2026-03-31,8,Women's Health,9,10,0.9
2026-04-01,8,Women's Health,8,10,0.8
2026-04-02,8,Women's Health,9,10,0.9
2026-04-03,8,Women's Health,9,10,0.9
2026-04-04,8,Women's Health,9,10,0.9
2026-04-05,8,Women's Health,6,10,0.6
2026-04-06,8,Women's Health,7,10,0.7
2026-04-07,8,Women's Health,8,10,0.8
2026-04-08,8,Women's Health,8,10,0.8
2026-04-09,8,Women's Health,8,10,0.8
2026-04-10,8,Women's Health,8,10,0.8
2026-04-11,8,Women's Health,8,10,0.8
2026-04-12,8,Women's Health,5,10,0.5
2026-04-13,8,Women's Health,7,10,0.7
2026-04-14,8,Women's Health,8,10,0.8
2026-04-15,8,Women's Health,5,10,0.5
2026-04-16,8,Women's Health,2,10,0.2
2026-04-17,8,Women's Health,3,10,0.3
2026-04-18,8,Women's Health,4,10,0.4
2026-04-19,8,Women's Health,5,10,0.5
2026-04-20,8,Women's Health,3,10,0.3
2026-04-21,8,Women's Health,2,10,0.2
2026-04-22,8,Women's Health,3,10,0.3
2026-04-23,8,Women's Health,5,10,0.5
2026-04-24,8,Women's Health,5,10,0.5
2026-04-25,8,Women's Health,3,10,0.3
2026-04-26,8,Women's Health,8,10,0.8
2026-04-27,8,Women's Health,9,10,0.9
2026-04-28,8,Women's Health,11,10,1.1
2026-04-29,8,Women's Health,10,10,1.0
2026-04-30,8,Women's Health,10,10,1.0
2026-05-01,8,Women's Health,8,10,0.8
2026-05-02,8,Women's Health,7,10,0.7
2026-05-03,8,Women's Health,7,10,0.7
2026-05-04,8,Women's Health,5,10,0.5
2026-05-05,8,Women's Health,4,10,0.4
2026-05-06,8,Women's Health,4,10,0.4
2026-05-07,8,Women's Health,3,10,0.3
2026-05-08,8,Women's Health,2,10,0.2
2026-05-09,8,Women's Health,4,10,0.4
2026-05-10,8,Women's Health,5,10,0.5
2026-05-11,8,Women's Health,6,10,0.6
2026-05-12,8,Women's Health,4,10,0.4
2026-05-13,8,Women's Health,4,10,0.4
2026-05-14,8,Women's Health,4,10,0.4
2026-05-15,8,Women's Health,3,10,0.3
2026-05-16,8,Women's Health,4,10,0.4
2026-05-17,8,Women's Health,6,10,0.6
2026-05-18,8,Women's Health,5,10,0.5
2026-05-19,8,Women's Health,5,10,0.5
2026-05-20,8,Women's Health,7,10,0.7
2026-05-21,8,Women's Health,4,10,0.4
2026-05-22,8,Women's Health,3,10,0.3
2026-05-23,8,Women's Health,3,10,0.3
2026-05-24,8,Women's Health,4,10,0.4
2026-05-25,8,Women's Health,5,10,0.5
2026-05-26,8,Women's Health,5,10,0.5
2026-05-27,8,Women's Health,5,10,0.5
2026-05-28,8,Women's Health,2,10,0.2
2026-05-29,8,Women's Health,3,10,0.3
2026-05-30,8,Women's Health,1,10,0.1
2026-05-31,8,Women's Health,1,10,0.1
2026-06-01,8,Women's Health,0,10,0.0
2026-06-02,8,Women's Health,0,10,0.0
2026-06-03,8,Women's Health,2,10,0.2
2026-06-04,8,Women's Health,5,10,0.5
2026-06-05,8,Women's Health,3,10,0.3
2026-06-06,8,Women's Health,3,10,0.3
2026-06-07,8,Women's Health,4,10,0.4
2026-06-08,8,Women's Health,6,10,0.6
2026-06-09,8,Women's Health,6,10,0.6
2026-06-10,8,Women's Health,8,10,0.8
2026-06-11,8,Women's Health,7,10,0.7
2026-06-12,8,Women's Health,6,10,0.6
2026-06-13,8,Women's Health,5,10,0.5
2026-06-14,8,Women's Health,6,10,0.6
2026-06-15,8,Women's Health,4,10,0.4
2026-06-16,8,Women's Health,2,10,0.2
2026-06-17,8,Women's Health,2,10,0.2
2026-06-18,8,Women's Health,3,10,0.3
2026-06-19,8,Women's Health,6,10,0.6
2026-06-20,8,Women's Health,5,10,0.5
2026-06-21,8,Women's Health,6,10,0.6
2026-06-22,8,Women's Health,8,10,0.8
2026-06-23,8,Women's Health,9,10,0.9
2026-06-24,8,Women's Health,8,10,0.8
2026-06-25,8,Women's Health,8,10,0.8
2026-06-26,8,Women's Health,5,10,0.5
2026-06-27,8,Women's Health,5,10,0.5
2026-06-28,8,Women's Health,3,10,0.3
2026-06-29,8,Women's Health,2,10,0.2
2026-06-30,8,Women's Health,2,10,0.2
2026-07-01,8,Women's Health,2,10,0.2
2026-07-02,8,Women's Health,2,10,0.2
2026-07-03,8,Women's Health,2,10,0.2
2026-07-04,8,Women's Health,3,10,0.3
2026-07-05,8,Women's Health,4,10,0.4
2026-07-06,8,Women's Health,5,10,0.5
2026-07-07,8,Women's Health,7,10,0.7
2026-07-08,8,Women's Health,8,10,0.8
2026-07-09,8,Women's Health,8,10,0.8
2026-07-10,8,Women's Health,8,10,0.8
2026-07-11,8,Women's Health,8,10,0.8
2026-07-12,8,Women's Health,6,10,0.6
2026-07-13,8,Women's Health,8,10,0.8
2026-07-14,8,Women's Health,9,10,0.9
2026-07-15,8,Women's Health,9,10,0.9
2026-07-16,8,Women's Health,6,10,0.6
2026-07-17,8,Women's Health,5,10,0.5
2026-07-18,8,Women's Health,3,10,0.3
2026-07-19,8,Women's Health,3,10,0.3
2026-07-20,8,Women's Health,4,10,0.4
2026-07-21,8,Women's Health,3,10,0.3
2026-07-22,8,Women's Health,2,10,0.2
2026-07-23,8,Women's Health,3,10,0.3
2026-07-24,8,Women's Health,4,10,0.4
2026-07-25,8,Women's Health,6,10,0.6
2026-07-26,8,Women's Health,6,10,0.6
2026-07-27,8,Women's Health,6,10,0.6
2026-07-28,8,Women's Health,4,10,0.4
2026-07-29,8,Women's Health,8,10,0.8
2026-07-30,8,Women's Health,10,10,1.0
2026-07-31,8,Women's Health,7,10,0.7
2026-08-01,8,Women's Health,6,10,0.6
2026-08-02,8,Women's Health,7,10,0.7
2026-08-03,8,Women's Health,6,10,0.6
2026-08-04,8,Women's Health,4,10,0.4
2026-08-05,8,Women's Health,4,10,0.4
2026-08-06,8,Women's Health,3,10,0.3
2026-08-07,8,Women's Health,4,10,0.4
2026-08-08,8,Women's Health,5,10,0.5
2026-08-09,8,Women's Health,5,10,0.5
2026-08-10,8,Women's Health,4,10,0.4
2026-08-11,8,Women's Health,4,10,0.4
2026-08-12,8,Women's Health,4,10,0.4
2026-08-13,8,Women's Health,4,10,0.4
2026-08-14,8,Women's Health,2,10,0.2
2026-08-15,8,Women's Health,0,10,0.0
2026-08-16,8,Women's Health,2,10,0.2
2026-08-17,8,Women's Health,3,10,0.3
2026-08-18,8,Women's Health,4,10,0.4
2026-08-19,8,Women's Health,6,10,0.6
2026-08-20,8,Women's Health,6,10,0.6
2026-08-21,8,Women's Health,7,10,0.7
2026-08-22,8,Women's Health,10,10,1.0
2026-08-23,8,Women's Health,9,10,0.9
2026-08-24,8,Women's Health,7,10,0.7
2026-08-25,8,Women's Health,9,10,0.9
2026-08-26,8,Women's Health,10,10,1.0
2026-08-27,8,Women's Health,8,10,0.8
2026-08-28,8,Women's Health,5,10,0.5
2026-08-29,8,Women's Health,4,10,0.4
2026-08-30,8,Women's Health,3,10,0.3
2026-08-31,8,Women's Health,4,10,0.4
